{"type":"FeatureCollection","features":[{"type":"Feature","geometry":{"type":"Polygon","coordinates":[[[144.97797,-37.838666],[144.977825,-37.838266],[144.97778,-37.83814],[144.977685,-37.837879],[144.977497,-37.837356],[144.97742,-37.837161],[144.97625,-37.83701],[144.976564,-37.83548],[144.976453,-37.835468],[144.975978,-37.835402],[144.975981,-37.835389],[144.975916,-37.835382],[144.975882,-37.835378],[144.97587,-37.835351],[144.97586,-37.835328],[144.975853,-37.835311],[144.975815,-37.835224],[144.975807,-37.835207],[144.975808,-37.835202],[144.975809,-37.835181],[144.975864,-37.834941],[144.975889,-37.834851],[144.976673,-37.834951],[144.977627,-37.835074],[144.978592,-37.835198],[144.978908,-37.833676],[144.978907,-37.833675],[144.982533,-37.834146],[144.983678,-37.834296],[144.984853,-37.828347],[144.984988,-37.827669],[144.985041,-37.827684],[144.985714,-37.827866],[144.986164,-37.828085],[144.986608,-37.828403],[144.987798,-37.829546],[144.987917,-37.82966],[144.987925,-37.829618],[144.98799,-37.829253],[144.988069,-37.828885],[144.988332,-37.827508],[144.98881,-37.82471],[144.98881,-37.824709],[144.988825,-37.824622],[144.988845,-37.824625],[144.988859,-37.824537],[144.98886,-37.824535],[144.989044,-37.823434],[144.989082,-37.823208],[144.989082,-37.823207],[144.989097,-37.823119],[144.987039,-37.822856],[144.986703,-37.822769],[144.985844,-37.822495],[144.985326,-37.822304],[144.984033,-37.82175],[144.98373,-37.821598],[144.982337,-37.820816],[144.978613,-37.818593],[144.978674,-37.818246],[144.978412,-37.818217],[144.978283,-37.818137],[144.97812,-37.818115],[144.978087,-37.818148],[144.978042,-37.818152],[144.977964,-37.818141],[144.977928,-37.818136],[144.977304,-37.81772],[144.976816,-37.817395],[144.976731,-37.81734],[144.976647,-37.817284],[144.976202,-37.816849],[144.976177,-37.816825],[144.976079,-37.816789],[144.975685,-37.816645],[144.975436,-37.816094],[144.975384,-37.815977],[144.974712,-37.815887],[144.974867,-37.815289],[144.971363,-37.807728],[144.970936,-37.807518],[144.959936,-37.806339],[144.96009,-37.805445],[144.959484,-37.804144],[144.958471,-37.801929],[144.95883,-37.799861],[144.957582,-37.799718],[144.955082,-37.799446],[144.955034,-37.799652],[144.956715,-37.80099],[144.956719,-37.801677],[144.956635,-37.802165],[144.957477,-37.80397],[144.958457,-37.806149],[144.955994,-37.805879],[144.95546,-37.809089],[144.955393,-37.809487],[144.956446,-37.811754],[144.951435,-37.813166],[144.955992,-37.823079],[144.956206,-37.822981],[144.957416,-37.82239],[144.958626,-37.821802],[144.959912,-37.821178],[144.961197,-37.820554],[144.961899,-37.820404],[144.962602,-37.820257],[144.963371,-37.820102],[144.964141,-37.819947],[144.964737,-37.819821],[144.965333,-37.819693],[144.965593,-37.819635],[144.965854,-37.819577],[144.966042,-37.819537],[144.966233,-37.8195],[144.966337,-37.819484],[144.966442,-37.819469],[144.96697,-37.819397],[144.967499,-37.819328],[144.967789,-37.819294],[144.968079,-37.819262],[144.968262,-37.819245],[144.96894,-37.82072],[144.969755,-37.822508],[144.970127,-37.823316],[144.970933,-37.82507],[144.971049,-37.82536],[144.97115,-37.825654],[144.971234,-37.825948],[144.971277,-37.826125],[144.971315,-37.8263],[144.97135,-37.826501],[144.971376,-37.826678],[144.971399,-37.82688],[144.971412,-37.827057],[144.971421,-37.82726],[144.971423,-37.827437],[144.97142,-37.827478],[144.971331,-37.828652],[144.971322,-37.829805],[144.971321,-37.829895],[144.970517,-37.830128],[144.970517,-37.830128],[144.97041,-37.830159],[144.970451,-37.830863],[144.970405,-37.830868],[144.969789,-37.830989],[144.969673,-37.831011],[144.969693,-37.831056],[144.969777,-37.831594],[144.969895,-37.831575],[144.970401,-37.831503],[144.970414,-37.83155],[144.970438,-37.831635],[144.970423,-37.83167],[144.970469,-37.831833],[144.969882,-37.831952],[144.969884,-37.83196],[144.969887,-37.831968],[144.96989,-37.831975],[144.969893,-37.831983],[144.969895,-37.831991],[144.969898,-37.831998],[144.969901,-37.832007],[144.969903,-37.832014],[144.969906,-37.832022],[144.969909,-37.83203],[144.969911,-37.832038],[144.969917,-37.832053],[144.96992,-37.83206],[144.969923,-37.832069],[144.969925,-37.832076],[144.969928,-37.832084],[144.969931,-37.832092],[144.969937,-37.832107],[144.96994,-37.832115],[144.969943,-37.832123],[144.969946,-37.83213],[144.969948,-37.832138],[144.969951,-37.832145],[144.969954,-37.832153],[144.969957,-37.832161],[144.96996,-37.832169],[144.969963,-37.832177],[144.969968,-37.832192],[144.969972,-37.832199],[144.969975,-37.832207],[144.969978,-37.832215],[144.969981,-37.832223],[144.969987,-37.832238],[144.96999,-37.832246],[144.969993,-37.832253],[144.969996,-37.832261],[144.969999,-37.832268],[144.970003,-37.832276],[144.970006,-37.832284],[144.970009,-37.832291],[144.970012,-37.832299],[144.970015,-37.832306],[144.970018,-37.832315],[144.970022,-37.832322],[144.970025,-37.83233],[144.970028,-37.832338],[144.970032,-37.832345],[144.970034,-37.832353],[144.970038,-37.83236],[144.970041,-37.832368],[144.970045,-37.832376],[144.970048,-37.832383],[144.970052,-37.832391],[144.970055,-37.832398],[144.970058,-37.832406],[144.970061,-37.832413],[144.970065,-37.832421],[144.970068,-37.832429],[144.970072,-37.832436],[144.970075,-37.832444],[144.970078,-37.832451],[144.970082,-37.832459],[144.970085,-37.832467],[144.970089,-37.832474],[144.970092,-37.832482],[144.970096,-37.832489],[144.970099,-37.832496],[144.970102,-37.832504],[144.970106,-37.832511],[144.97011,-37.832519],[144.970114,-37.832527],[144.970117,-37.832534],[144.970124,-37.832549],[144.970128,-37.832557],[144.970131,-37.832565],[144.970135,-37.832571],[144.970216,-37.832734],[144.970711,-37.832591],[144.971607,-37.832335],[144.971642,-37.832431],[144.971674,-37.832529],[144.971701,-37.832628],[144.971723,-37.832727],[144.971741,-37.832827],[144.971754,-37.832928],[144.971763,-37.833028],[144.971768,-37.833129],[144.971767,-37.83323],[144.971763,-37.833331],[144.971753,-37.833431],[144.97174,-37.833531],[144.971721,-37.833632],[144.971698,-37.83373],[144.971672,-37.833829],[144.971645,-37.833912],[144.971691,-37.834262],[144.971088,-37.83513],[144.971082,-37.835137],[144.971077,-37.835145],[144.971071,-37.835153],[144.971065,-37.83516],[144.971059,-37.835168],[144.971053,-37.835175],[144.971047,-37.835182],[144.971041,-37.83519],[144.97103,-37.835205],[144.971023,-37.835213],[144.971017,-37.83522],[144.971012,-37.835228],[144.971005,-37.835235],[144.970999,-37.835242],[144.970993,-37.83525],[144.970988,-37.835257],[144.970981,-37.835265],[144.970975,-37.835272],[144.970968,-37.835279],[144.970963,-37.835287],[144.970957,-37.835295],[144.97095,-37.835301],[144.970944,-37.835309],[144.970938,-37.835317],[144.970932,-37.835323],[144.970925,-37.835331],[144.97092,-37.835339],[144.970913,-37.835345],[144.970907,-37.835353],[144.9709,-37.835361],[144.970895,-37.835367],[144.970888,-37.835375],[144.970882,-37.835383],[144.970876,-37.835389],[144.970869,-37.835397],[144.970863,-37.835404],[144.97085,-37.835419],[144.970844,-37.835426],[144.970837,-37.835433],[144.970831,-37.83544],[144.970825,-37.835448],[144.970818,-37.835454],[144.970811,-37.835462],[144.970805,-37.835469],[144.970798,-37.835477],[144.970792,-37.835484],[144.970786,-37.835491],[144.970779,-37.835498],[144.970772,-37.835506],[144.970759,-37.835519],[144.970753,-37.835527],[144.970746,-37.835534],[144.97074,-37.835541],[144.970726,-37.835555],[144.970719,-37.835562],[144.970706,-37.835576],[144.970699,-37.835584],[144.970693,-37.835591],[144.970686,-37.835597],[144.970679,-37.835605],[144.970673,-37.835612],[144.970666,-37.835619],[144.970659,-37.835625],[144.970652,-37.835633],[144.970645,-37.83564],[144.970631,-37.835654],[144.970625,-37.83566],[144.970618,-37.835668],[144.970611,-37.835675],[144.970604,-37.835682],[144.970597,-37.835688],[144.970583,-37.835702],[144.970576,-37.83571],[144.970562,-37.835723],[144.970555,-37.83573],[144.970548,-37.835737],[144.970541,-37.835744],[144.970534,-37.835751],[144.97052,-37.835764],[144.970513,-37.835771],[144.970506,-37.835778],[144.970499,-37.835785],[144.970492,-37.835792],[144.970485,-37.835799],[144.970477,-37.835805],[144.97047,-37.835812],[144.970463,-37.835819],[144.970456,-37.835826],[144.970448,-37.835833],[144.970442,-37.83584],[144.970434,-37.835846],[144.970427,-37.835852],[144.97042,-37.835859],[144.970412,-37.835866],[144.970405,-37.835873],[144.970398,-37.83588],[144.970391,-37.835887],[144.970383,-37.835893],[144.970376,-37.835899],[144.970369,-37.835906],[144.970361,-37.835913],[144.970354,-37.835919],[144.970346,-37.835926],[144.970339,-37.835933],[144.970332,-37.83594],[144.970324,-37.835946],[144.970316,-37.835953],[144.97031,-37.835959],[144.970302,-37.835965],[144.970294,-37.835972],[144.970287,-37.835979],[144.970279,-37.835985],[144.970272,-37.835992],[144.970265,-37.835999],[144.970257,-37.836005],[144.970249,-37.836012],[144.970242,-37.836018],[144.970234,-37.836025],[144.970226,-37.836031],[144.970219,-37.836038],[144.970211,-37.836044],[144.970203,-37.83605],[144.970196,-37.836057],[144.970188,-37.836063],[144.97018,-37.83607],[144.970173,-37.836076],[144.970165,-37.836082],[144.970157,-37.836089],[144.97015,-37.836095],[144.970142,-37.836102],[144.970134,-37.836108],[144.970127,-37.836115],[144.970111,-37.836127],[144.970104,-37.836134],[144.970095,-37.83614],[144.970087,-37.836146],[144.97008,-37.836153],[144.970072,-37.836159],[144.970064,-37.836165],[144.970056,-37.836171],[144.970048,-37.836178],[144.970041,-37.836184],[144.970033,-37.83619],[144.970024,-37.836196],[144.970017,-37.836203],[144.970009,-37.836209],[144.970001,-37.836215],[144.969993,-37.836221],[144.969985,-37.836227],[144.969977,-37.836233],[144.969961,-37.836246],[144.969952,-37.836252],[144.969945,-37.836258],[144.969937,-37.836264],[144.969929,-37.836271],[144.969921,-37.836277],[144.969912,-37.836283],[144.969905,-37.836289],[144.969896,-37.836295],[144.969888,-37.836301],[144.96988,-37.836307],[144.969872,-37.836313],[144.969863,-37.836319],[144.969856,-37.836325],[144.969847,-37.836331],[144.969839,-37.836337],[144.969831,-37.836343],[144.969823,-37.836349],[144.969815,-37.836355],[144.969806,-37.836361],[144.969798,-37.836367],[144.96979,-37.836373],[144.969782,-37.836379],[144.969773,-37.836385],[144.969765,-37.83639],[144.969757,-37.836397],[144.969749,-37.836403],[144.96974,-37.836409],[144.969731,-37.836415],[144.969724,-37.83642],[144.969715,-37.836426],[144.969706,-37.836432],[144.969698,-37.836438],[144.969695,-37.836439],[144.96969,-37.836444],[144.969681,-37.83645],[144.969674,-37.836454],[144.969673,-37.836455],[144.969664,-37.836461],[144.969656,-37.836467],[144.969648,-37.836472],[144.969639,-37.836478],[144.969631,-37.836484],[144.969622,-37.83649],[144.969614,-37.836495],[144.969605,-37.836501],[144.969596,-37.836507],[144.969588,-37.836513],[144.969579,-37.836519],[144.969571,-37.836524],[144.969563,-37.836529],[144.969553,-37.836535],[144.969546,-37.836541],[144.969536,-37.836546],[144.96951,-37.836562],[144.969501,-37.836568],[144.969476,-37.836584],[144.969466,-37.836589],[144.969432,-37.836611],[144.969422,-37.836615],[144.969413,-37.83662],[144.969405,-37.836626],[144.969396,-37.836631],[144.969387,-37.836636],[144.969378,-37.836642],[144.969369,-37.836647],[144.96936,-37.836652],[144.969351,-37.836657],[144.969343,-37.836662],[144.969333,-37.836667],[144.969316,-37.836678],[144.969306,-37.836683],[144.969289,-37.836693],[144.969279,-37.836699],[144.969271,-37.836703],[144.969261,-37.836708],[144.969253,-37.836714],[144.969244,-37.836718],[144.969234,-37.836724],[144.969226,-37.836728],[144.969216,-37.836733],[144.969208,-37.836739],[144.969198,-37.836743],[144.969189,-37.836749],[144.96918,-37.836753],[144.969171,-37.836758],[144.969162,-37.836763],[144.969153,-37.836768],[144.969143,-37.836773],[144.969134,-37.836778],[144.969125,-37.836783],[144.969116,-37.836788],[144.969107,-37.836793],[144.969097,-37.836798],[144.969089,-37.836802],[144.96908,-37.836807],[144.969079,-37.836807],[144.969076,-37.836809],[144.96907,-37.836812],[144.969061,-37.836817],[144.969055,-37.83682],[144.969052,-37.836821],[144.969042,-37.836827],[144.969033,-37.836831],[144.969024,-37.836836],[144.969014,-37.836841],[144.969006,-37.836846],[144.968996,-37.83685],[144.968986,-37.836855],[144.968977,-37.83686],[144.968968,-37.836865],[144.968959,-37.836869],[144.968949,-37.836874],[144.968939,-37.836878],[144.968931,-37.836883],[144.968921,-37.836888],[144.968912,-37.836893],[144.968902,-37.836897],[144.968893,-37.836902],[144.968884,-37.836906],[144.968874,-37.836911],[144.968865,-37.836916],[144.968855,-37.83692],[144.968846,-37.836925],[144.968836,-37.836929],[144.968827,-37.836934],[144.968818,-37.836938],[144.968808,-37.836943],[144.968799,-37.836947],[144.968789,-37.836952],[144.96878,-37.836957],[144.96877,-37.836961],[144.96876,-37.836965],[144.968751,-37.836969],[144.968741,-37.836974],[144.968732,-37.836979],[144.968722,-37.836983],[144.968713,-37.836987],[144.968703,-37.836991],[144.968693,-37.836996],[144.968684,-37.837001],[144.968674,-37.837004],[144.968665,-37.837009],[144.968655,-37.837013],[144.968646,-37.837018],[144.968636,-37.837022],[144.968626,-37.837026],[144.968617,-37.83703],[144.968607,-37.837035],[144.968598,-37.837039],[144.968588,-37.837043],[144.968579,-37.837048],[144.968568,-37.837051],[144.968558,-37.837056],[144.968549,-37.83706],[144.968539,-37.837064],[144.96853,-37.837069],[144.96852,-37.837073],[144.968511,-37.837075],[144.9685,-37.837081],[144.96849,-37.837085],[144.968481,-37.837089],[144.968471,-37.837093],[144.968462,-37.837098],[144.968451,-37.837101],[144.968442,-37.837105],[144.968432,-37.83711],[144.968423,-37.837114],[144.968412,-37.837117],[144.968402,-37.837122],[144.968393,-37.837126],[144.968383,-37.837129],[144.968373,-37.837133],[144.968363,-37.837138],[144.968354,-37.837142],[144.968343,-37.837145],[144.968333,-37.837149],[144.968324,-37.837153],[144.968313,-37.837157],[144.968304,-37.837161],[144.968294,-37.837165],[144.968284,-37.837169],[144.968274,-37.837173],[144.968265,-37.837177],[144.968254,-37.83718],[144.968244,-37.837184],[144.968234,-37.837188],[144.968224,-37.837192],[144.968215,-37.837195],[144.968204,-37.837199],[144.968195,-37.837203],[144.968184,-37.837207],[144.968175,-37.837211],[144.968164,-37.837214],[144.968154,-37.837218],[144.968145,-37.837221],[144.968134,-37.837225],[144.968125,-37.837229],[144.968114,-37.837233],[144.968105,-37.837236],[144.968094,-37.83724],[144.968085,-37.837243],[144.968074,-37.837247],[144.968064,-37.837251],[144.968054,-37.837255],[144.968048,-37.837256],[144.968043,-37.837258],[144.968034,-37.837261],[144.968023,-37.837265],[144.968014,-37.837268],[144.968003,-37.837272],[144.967994,-37.837276],[144.967983,-37.837279],[144.967973,-37.837283],[144.967963,-37.837286],[144.967952,-37.83729],[144.967943,-37.837293],[144.967932,-37.837296],[144.967922,-37.8373],[144.967912,-37.837303],[144.967902,-37.837307],[144.967891,-37.83731],[144.967882,-37.837313],[144.967663,-37.837379],[144.967646,-37.837385],[144.967682,-37.837476],[144.967724,-37.837567],[144.967769,-37.837655],[144.967817,-37.837743],[144.967871,-37.837828],[144.967898,-37.837867],[144.967899,-37.837869],[144.967928,-37.837913],[144.967989,-37.837996],[144.968042,-37.838062],[144.9681,-37.838113],[144.968163,-37.838163],[144.968228,-37.83821],[144.968296,-37.838254],[144.968322,-37.838269],[144.968366,-37.838295],[144.96844,-37.838333],[144.968516,-37.838368],[144.968594,-37.838401],[144.968675,-37.83843],[144.968756,-37.838454],[144.968839,-37.838477],[144.968924,-37.838496],[144.969011,-37.838511],[144.969097,-37.838523],[144.969168,-37.83853],[144.969282,-37.838536],[144.969393,-37.838539],[144.969493,-37.838543],[144.969593,-37.838552],[144.969692,-37.838565],[144.96979,-37.838581],[144.969887,-37.8386],[144.969984,-37.838623],[144.970078,-37.838649],[144.970172,-37.838679],[144.970263,-37.838712],[144.970352,-37.838748],[144.970439,-37.838787],[144.970524,-37.83883],[144.970606,-37.838875],[144.970686,-37.838924],[144.970763,-37.838975],[144.970837,-37.839029],[144.970908,-37.839085],[144.970975,-37.839144],[144.971039,-37.839206],[144.971099,-37.839269],[144.971155,-37.839335],[144.971208,-37.839402],[144.971242,-37.839449],[144.971287,-37.839518],[144.97133,-37.83959],[144.971367,-37.839662],[144.9714,-37.839736],[144.97143,-37.839811],[144.971455,-37.839887],[144.971475,-37.839964],[144.971479,-37.839979],[144.971776,-37.841274],[144.971787,-37.841339],[144.971795,-37.841404],[144.971797,-37.841469],[144.971795,-37.841535],[144.971789,-37.8416],[144.971778,-37.841665],[144.971762,-37.841729],[144.971742,-37.841793],[144.971718,-37.841855],[144.97169,-37.841917],[144.971685,-37.841926],[144.971657,-37.841977],[144.97162,-37.842035],[144.971578,-37.842092],[144.971534,-37.842147],[144.971527,-37.842155],[144.971241,-37.842445],[144.971192,-37.842497],[144.971147,-37.842552],[144.971105,-37.842608],[144.971068,-37.842666],[144.971035,-37.842726],[144.971006,-37.842786],[144.970981,-37.842849],[144.970961,-37.842912],[144.970949,-37.842956],[144.970896,-37.843178],[144.970669,-37.844141],[144.970646,-37.844248],[144.970628,-37.844356],[144.970613,-37.844464],[144.970604,-37.844573],[144.970599,-37.844682],[144.970599,-37.84479],[144.970603,-37.8449],[144.970611,-37.845008],[144.970625,-37.845116],[144.970642,-37.845225],[144.970665,-37.845332],[144.970691,-37.845439],[144.970722,-37.845544],[144.970758,-37.84565],[144.970798,-37.845754],[144.970842,-37.845857],[144.970891,-37.845959],[144.970943,-37.846059],[144.971,-37.846158],[144.971061,-37.846256],[144.971126,-37.846351],[144.971195,-37.846445],[144.971267,-37.846538],[144.971344,-37.846628],[144.971425,-37.846716],[144.971509,-37.846802],[144.971597,-37.846886],[144.971642,-37.846927],[144.971752,-37.84702],[144.971866,-37.84711],[144.971981,-37.847198],[144.972101,-37.847283],[144.972217,-37.847361],[144.972218,-37.847362],[144.972824,-37.847782],[144.972848,-37.8478],[144.972911,-37.847843],[144.972977,-37.847883],[144.973046,-37.84792],[144.973116,-37.847954],[144.973189,-37.847985],[144.973264,-37.848013],[144.973341,-37.848038],[144.97342,-37.848058],[144.973499,-37.848076],[144.973581,-37.84809],[144.973662,-37.848101],[144.973744,-37.848108],[144.973828,-37.848111],[144.97391,-37.848111],[144.973993,-37.848108],[144.974124,-37.848102],[144.974257,-37.8481],[144.974389,-37.848102],[144.974494,-37.848106],[144.974575,-37.848115],[144.974656,-37.848128],[144.974735,-37.848143],[144.974813,-37.848163],[144.97489,-37.848185],[144.974965,-37.84821],[144.975038,-37.84824],[144.975109,-37.848272],[144.975177,-37.848308],[144.975244,-37.848346],[144.975307,-37.848387],[144.975321,-37.848397],[144.97656,-37.849222],[144.976775,-37.849378],[144.976812,-37.849401],[144.976852,-37.849422],[144.976895,-37.84944],[144.97694,-37.849454],[144.976952,-37.849457],[144.976986,-37.849466],[144.977032,-37.849473],[144.97708,-37.849477],[144.977105,-37.849478],[144.977951,-37.849517],[144.977992,-37.849643],[144.97835,-37.850737],[144.978942,-37.852455],[144.979365,-37.85368],[144.979369,-37.853688],[144.979374,-37.853696],[144.979379,-37.853704],[144.979383,-37.853713],[144.979388,-37.853721],[144.979393,-37.853729],[144.979398,-37.853737],[144.979403,-37.853745],[144.979407,-37.853753],[144.979412,-37.853761],[144.979417,-37.85377],[144.979423,-37.853777],[144.979427,-37.853785],[144.979432,-37.853792],[144.979437,-37.853801],[144.979443,-37.85381],[144.979448,-37.853817],[144.979452,-37.853826],[144.979458,-37.853833],[144.979463,-37.853842],[144.979469,-37.853849],[144.979473,-37.853858],[144.979479,-37.853865],[144.979484,-37.853874],[144.97949,-37.853881],[144.979495,-37.853889],[144.9795,-37.853897],[144.979506,-37.853905],[144.979512,-37.853912],[144.979516,-37.853921],[144.979522,-37.853927],[144.979528,-37.853936],[144.979534,-37.853944],[144.979539,-37.853952],[144.979545,-37.853959],[144.979551,-37.853967],[144.979552,-37.853968],[144.979557,-37.853975],[144.979562,-37.853983],[144.979568,-37.853989],[144.979574,-37.853998],[144.97958,-37.854006],[144.979585,-37.854013],[144.979591,-37.854021],[144.979597,-37.854028],[144.979604,-37.854037],[144.979609,-37.854044],[144.979615,-37.854052],[144.979622,-37.85406],[144.979627,-37.854067],[144.979633,-37.854074],[144.97964,-37.854082],[144.979646,-37.854089],[144.979652,-37.854097],[144.979658,-37.854104],[144.979665,-37.854112],[144.979671,-37.85412],[144.979677,-37.854127],[144.979683,-37.854134],[144.979696,-37.854149],[144.979702,-37.854157],[144.979709,-37.854164],[144.979716,-37.854171],[144.979722,-37.854179],[144.979729,-37.854186],[144.979735,-37.854193],[144.979741,-37.854201],[144.979748,-37.854208],[144.979755,-37.854215],[144.979761,-37.854222],[144.979768,-37.85423],[144.979775,-37.854236],[144.979782,-37.854244],[144.979788,-37.854251],[144.979796,-37.854258],[144.979803,-37.854265],[144.979809,-37.854273],[144.979816,-37.85428],[144.979823,-37.854287],[144.97983,-37.854294],[144.979844,-37.854308],[144.979851,-37.854315],[144.979865,-37.854329],[144.979873,-37.854336],[144.979879,-37.854343],[144.979887,-37.85435],[144.979894,-37.854357],[144.979901,-37.854364],[144.979908,-37.854371],[144.979916,-37.854378],[144.979923,-37.854383],[144.97993,-37.854391],[144.979938,-37.854398],[144.979945,-37.854405],[144.979952,-37.854412],[144.97996,-37.854419],[144.979967,-37.854425],[144.979975,-37.854432],[144.979983,-37.854438],[144.97999,-37.854445],[144.979997,-37.854452],[144.980005,-37.854459],[144.980012,-37.854466],[144.98002,-37.854472],[144.980028,-37.854479],[144.980035,-37.854485],[144.980051,-37.854498],[144.980059,-37.854505],[144.980067,-37.854511],[144.980074,-37.854518],[144.980082,-37.854524],[144.98009,-37.854531],[144.980098,-37.854537],[144.980106,-37.854544],[144.980114,-37.85455],[144.98013,-37.854563],[144.980138,-37.854569],[144.980146,-37.854576],[144.980154,-37.854582],[144.980162,-37.854588],[144.98017,-37.854594],[144.980178,-37.854601],[144.980186,-37.854607],[144.980195,-37.854613],[144.980203,-37.854619],[144.980211,-37.854625],[144.980219,-37.854631],[144.980228,-37.854637],[144.980236,-37.854643],[144.980244,-37.854649],[144.980253,-37.854656],[144.980261,-37.854662],[144.98027,-37.854668],[144.980277,-37.854674],[144.980286,-37.85468],[144.980303,-37.854692],[144.980312,-37.854698],[144.98032,-37.854703],[144.980329,-37.854709],[144.980338,-37.854715],[144.980346,-37.854721],[144.980355,-37.854727],[144.980364,-37.854733],[144.980372,-37.854738],[144.980381,-37.854744],[144.980389,-37.85475],[144.980398,-37.854756],[144.980407,-37.854761],[144.980415,-37.854767],[144.980425,-37.854772],[144.980433,-37.854779],[144.980442,-37.854784],[144.980451,-37.85479],[144.98046,-37.854795],[144.980477,-37.854806],[144.980487,-37.854812],[144.980496,-37.854817],[144.980504,-37.854822],[144.980514,-37.854828],[144.980522,-37.854833],[144.980532,-37.854839],[144.980541,-37.854845],[144.98055,-37.85485],[144.980559,-37.854855],[144.980568,-37.854861],[144.980577,-37.854865],[144.980596,-37.854876],[144.980605,-37.854881],[144.980614,-37.854886],[144.980623,-37.854892],[144.980633,-37.854897],[144.980642,-37.854902],[144.980652,-37.854907],[144.98066,-37.854912],[144.98067,-37.854917],[144.980679,-37.854922],[144.980689,-37.854927],[144.980699,-37.854932],[144.980707,-37.854937],[144.980717,-37.854942],[144.980726,-37.854947],[144.980736,-37.854952],[144.980746,-37.854957],[144.980755,-37.854962],[144.980765,-37.854966],[144.980774,-37.854971],[144.980784,-37.854976],[144.980803,-37.854985],[144.980813,-37.85499],[144.980822,-37.854995],[144.980832,-37.855],[144.980842,-37.855004],[144.980852,-37.855009],[144.980861,-37.855013],[144.980871,-37.855018],[144.98088,-37.855022],[144.98089,-37.855027],[144.980901,-37.855031],[144.98092,-37.855041],[144.98093,-37.855045],[144.98094,-37.855049],[144.980949,-37.855053],[144.980959,-37.855058],[144.98097,-37.855063],[144.980979,-37.855066],[144.98099,-37.855071],[144.980999,-37.855075],[144.981009,-37.855079],[144.981019,-37.855084],[144.981029,-37.855088],[144.981039,-37.855092],[144.981049,-37.855096],[144.981059,-37.8551],[144.981069,-37.855104],[144.98108,-37.855108],[144.98109,-37.855113],[144.9811,-37.855116],[144.98111,-37.85512],[144.98112,-37.855124],[144.98113,-37.855128],[144.981141,-37.855132],[144.98115,-37.855136],[144.98116,-37.85514],[144.981171,-37.855145],[144.98118,-37.855148],[144.98119,-37.855153],[144.981199,-37.855157],[144.981209,-37.855161],[144.981218,-37.855165],[144.981229,-37.855169],[144.981239,-37.855173],[144.981248,-37.855177],[144.981258,-37.855181],[144.981268,-37.855186],[144.981278,-37.855189],[144.981287,-37.855193],[144.981297,-37.855197],[144.981307,-37.855202],[144.981317,-37.855205],[144.981327,-37.855209],[144.981337,-37.855213],[144.981347,-37.855216],[144.981356,-37.855221],[144.981367,-37.855225],[144.981376,-37.855229],[144.981386,-37.855233],[144.981396,-37.855236],[144.981406,-37.85524],[144.981416,-37.855244],[144.981426,-37.855248],[144.981436,-37.855252],[144.981446,-37.855255],[144.981456,-37.855259],[144.981466,-37.855263],[144.981476,-37.855267],[144.981486,-37.855271],[144.981496,-37.855274],[144.981506,-37.855278],[144.981516,-37.855282],[144.981526,-37.855285],[144.981536,-37.855289],[144.981546,-37.855293],[144.981556,-37.855296],[144.981566,-37.8553],[144.981576,-37.855303],[144.981586,-37.855306],[144.981597,-37.855311],[144.981606,-37.855314],[144.981617,-37.855318],[144.981627,-37.855322],[144.981637,-37.855325],[144.981647,-37.855328],[144.981657,-37.855332],[144.981667,-37.855335],[144.981677,-37.855339],[144.981688,-37.855342],[144.981698,-37.855346],[144.981708,-37.855349],[144.981718,-37.855353],[144.981729,-37.855356],[144.981738,-37.855359],[144.981749,-37.855363],[144.981759,-37.855366],[144.981769,-37.855368],[144.981779,-37.855372],[144.98179,-37.855376],[144.9818,-37.855379],[144.98181,-37.855382],[144.981821,-37.855386],[144.981831,-37.855389],[144.981841,-37.855392],[144.981851,-37.855395],[144.981862,-37.855399],[144.981871,-37.855402],[144.981882,-37.855405],[144.981892,-37.855408],[144.981903,-37.855411],[144.981913,-37.855413],[144.981923,-37.855418],[144.981934,-37.855421],[144.981944,-37.855424],[144.981955,-37.855427],[144.981965,-37.85543],[144.981975,-37.855433],[144.981985,-37.855436],[144.981996,-37.855439],[144.982006,-37.855442],[144.982017,-37.855445],[144.982027,-37.855448],[144.982037,-37.855451],[144.982047,-37.855454],[144.982058,-37.855457],[144.982069,-37.85546],[144.982079,-37.855463],[144.98209,-37.855466],[144.9821,-37.855469],[144.982111,-37.855471],[144.982121,-37.855474],[144.982132,-37.855477],[144.982141,-37.85548],[144.982152,-37.855483],[144.982162,-37.855486],[144.982173,-37.855489],[144.982571,-37.855527],[144.982204,-37.854515],[144.982911,-37.854608],[144.982921,-37.854558],[144.98293,-37.854508],[144.98294,-37.85446],[144.98295,-37.854411],[144.982959,-37.854363],[144.982838,-37.854346],[144.982838,-37.854345],[144.982854,-37.854231],[144.982839,-37.854229],[144.982862,-37.854099],[144.982871,-37.854042],[144.982644,-37.854013],[144.98271,-37.853702],[144.982664,-37.853695],[144.982631,-37.853691],[144.982679,-37.853435],[144.982727,-37.853302],[144.982727,-37.853301],[144.982708,-37.853058],[144.982538,-37.852609],[144.98221,-37.852557],[144.982346,-37.851862],[144.982021,-37.85182],[144.981878,-37.851428],[144.981845,-37.851337],[144.982211,-37.851254],[144.982167,-37.851134],[144.982204,-37.851138],[144.982331,-37.850518],[144.98235,-37.850429],[144.984089,-37.850653],[144.984091,-37.850653],[144.984201,-37.850667],[144.984217,-37.850578],[144.984217,-37.850578],[144.984224,-37.85054],[144.984548,-37.848481],[144.985008,-37.845777],[144.985008,-37.845777],[144.985023,-37.845688],[144.984911,-37.845673],[144.980307,-37.845062],[144.98024,-37.844881],[144.980003,-37.844235],[144.979813,-37.843718],[144.979715,-37.84345],[144.979523,-37.842926],[144.979427,-37.842665],[144.979335,-37.842413],[144.979246,-37.842147],[144.97915,-37.841887],[144.979052,-37.841624],[144.978859,-37.841104],[144.978795,-37.840933],[144.978606,-37.840413],[144.97851,-37.84015],[144.978329,-37.839654],[144.97813,-37.839107],[144.978033,-37.838842],[144.97797,-37.838666]]]},"properties":{"name":"Melbourne CBD","canopy":8.458867230000001}},{"type":"Feature","geometry":{"type":"Polygon","coordinates":[[[145.00455,-37.841314],[145.004674,-37.840679],[145.004697,-37.840591],[145.004719,-37.840502],[145.004935,-37.83934],[145.005067,-37.838627],[145.005082,-37.838545],[145.00525,-37.837713],[145.005432,-37.836809],[145.005733,-37.83532],[145.005885,-37.834502],[145.006087,-37.833417],[145.006112,-37.833285],[145.006359,-37.832003],[145.006435,-37.831581],[145.00633,-37.83155],[145.006329,-37.83155],[145.006261,-37.83153],[145.006221,-37.831519],[145.0062,-37.831512],[145.006158,-37.831496],[145.006055,-37.831456],[145.006051,-37.831455],[145.006016,-37.831441],[145.005787,-37.831361],[145.005622,-37.831309],[145.005457,-37.831265],[145.005261,-37.831221],[145.005115,-37.831192],[145.004899,-37.831175],[145.004726,-37.831176],[145.004547,-37.831187],[145.004405,-37.831216],[145.004267,-37.831272],[145.004072,-37.831372],[145.003959,-37.831443],[145.003849,-37.831553],[145.003804,-37.831679],[145.0038,-37.831782],[145.003805,-37.831868],[145.00382,-37.831954],[145.003845,-37.832112],[145.003871,-37.832252],[145.003912,-37.83237],[145.003969,-37.832502],[145.004044,-37.832755],[145.0041,-37.832955],[145.004179,-37.833136],[145.004231,-37.833308],[145.004263,-37.833484],[145.004269,-37.833656],[145.004257,-37.83389],[145.004186,-37.834164],[145.004044,-37.834332],[145.003799,-37.834459],[145.003459,-37.834521],[145.003296,-37.834522],[145.003208,-37.834503],[145.002969,-37.834395],[145.002851,-37.834249],[145.002697,-37.834107],[145.002468,-37.833959],[145.002225,-37.833855],[145.00199,-37.833775],[145.001728,-37.833703],[145.001409,-37.833603],[145.001267,-37.833573],[145.00115,-37.833553],[145.000958,-37.833528],[145.000796,-37.833529],[145.000588,-37.833571],[145.000375,-37.833644],[145.000202,-37.833717],[145.000011,-37.833768],[144.999821,-37.833815],[144.999594,-37.833874],[144.999365,-37.833898],[144.9993,-37.833905],[144.999054,-37.833937],[144.998787,-37.833977],[144.998517,-37.834027],[144.998357,-37.834056],[144.998124,-37.834101],[144.997843,-37.834155],[144.997399,-37.834242],[144.997125,-37.834291],[144.996912,-37.834324],[144.996834,-37.834332],[144.996722,-37.834339],[144.996705,-37.834338],[144.996702,-37.834338],[144.996701,-37.834338],[144.996591,-37.834328],[144.996479,-37.834317],[144.996478,-37.834317],[144.996469,-37.834316],[144.996153,-37.834248],[144.995921,-37.834163],[144.995665,-37.834068],[144.995458,-37.833993],[144.995219,-37.833908],[144.994965,-37.833818],[144.994737,-37.833733],[144.994536,-37.833662],[144.994345,-37.833604],[144.993935,-37.833512],[144.993746,-37.833472],[144.993581,-37.833438],[144.993436,-37.833409],[144.993272,-37.833379],[144.993186,-37.833373],[144.993114,-37.833363],[144.993042,-37.833357],[144.992997,-37.833356],[144.992737,-37.833329],[144.992502,-37.833312],[144.992277,-37.83329],[144.992075,-37.833273],[144.991856,-37.833251],[144.991659,-37.833225],[144.991486,-37.833186],[144.991373,-37.833153],[144.991202,-37.833082],[144.991143,-37.833052],[144.990917,-37.8329],[144.990752,-37.832718],[144.990716,-37.832677],[144.99064,-37.832595],[144.99058,-37.832526],[144.990491,-37.832408],[144.990449,-37.832335],[144.990399,-37.83223],[144.990343,-37.832139],[144.990255,-37.832021],[144.990143,-37.831865],[144.99007,-37.831788],[144.990044,-37.831747],[144.989864,-37.831518],[144.989684,-37.83129],[144.98961,-37.831194],[144.989407,-37.830992],[144.989077,-37.830658],[144.988829,-37.830406],[144.988603,-37.830172],[144.988386,-37.829966],[144.988029,-37.829696],[144.988028,-37.829696],[144.987925,-37.829618],[144.987917,-37.82966],[144.987798,-37.829546],[144.986608,-37.828403],[144.986164,-37.828085],[144.985714,-37.827866],[144.985041,-37.827684],[144.984988,-37.827669],[144.984853,-37.828347],[144.983678,-37.834296],[144.982533,-37.834146],[144.978907,-37.833675],[144.978908,-37.833676],[144.978592,-37.835198],[144.977627,-37.835074],[144.976673,-37.834951],[144.975889,-37.834851],[144.975864,-37.834941],[144.975809,-37.835181],[144.975808,-37.835202],[144.975807,-37.835207],[144.975815,-37.835224],[144.975853,-37.835311],[144.97586,-37.835328],[144.97587,-37.835351],[144.975882,-37.835378],[144.975916,-37.835382],[144.975981,-37.835389],[144.975978,-37.835402],[144.976453,-37.835468],[144.976564,-37.83548],[144.97625,-37.83701],[144.97742,-37.837161],[144.977497,-37.837356],[144.977685,-37.837879],[144.97778,-37.83814],[144.977825,-37.838266],[144.97797,-37.838666],[144.978033,-37.838842],[144.97813,-37.839107],[144.978329,-37.839654],[144.97851,-37.84015],[144.978606,-37.840413],[144.978795,-37.840933],[144.978859,-37.841104],[144.979052,-37.841624],[144.97915,-37.841887],[144.979246,-37.842147],[144.979335,-37.842413],[144.979427,-37.842665],[144.979523,-37.842926],[144.979715,-37.84345],[144.979813,-37.843718],[144.980003,-37.844235],[144.98024,-37.844881],[144.980307,-37.845062],[144.984911,-37.845673],[144.985023,-37.845688],[144.985136,-37.845702],[144.987238,-37.845967],[144.987729,-37.846037],[144.988028,-37.846075],[144.988174,-37.846094],[144.988566,-37.846145],[144.988769,-37.846171],[144.98938,-37.84625],[144.989594,-37.846278],[144.99007,-37.846339],[144.990464,-37.84639],[144.990472,-37.846391],[144.990663,-37.846416],[144.991478,-37.846521],[144.992351,-37.846634],[144.992986,-37.846716],[144.993274,-37.846753],[144.993669,-37.846804],[144.994131,-37.846863],[144.994602,-37.846928],[144.994757,-37.846949],[144.995001,-37.846982],[144.996736,-37.84722],[144.99792,-37.847381],[144.998657,-37.847483],[144.999395,-37.847584],[145.000451,-37.847728],[145.001215,-37.847833],[145.001768,-37.847909],[145.002417,-37.847997],[145.003186,-37.848102],[145.003189,-37.848088],[145.003287,-37.847615],[145.003385,-37.847138],[145.003484,-37.846663],[145.003581,-37.846193],[145.003699,-37.84562],[145.003743,-37.845407],[145.003752,-37.845365],[145.003761,-37.845321],[145.003783,-37.845217],[145.003871,-37.844782],[145.003922,-37.844521],[145.004022,-37.844016],[145.00408,-37.843715],[145.00422,-37.843004],[145.004321,-37.842485],[145.004472,-37.84171],[145.004526,-37.841437],[145.00455,-37.841314]]]},"properties":{"name":"SOUTH YARRA","canopy":17.41929932}},{"type":"Feature","geometry":{"type":"Polygon","coordinates":[[[144.935473,-37.803673],[144.941909,-37.804322],[144.942073,-37.804368],[144.943223,-37.804487],[144.945153,-37.804711],[144.950625,-37.805279],[144.953596,-37.805615],[144.955994,-37.805879],[144.958457,-37.806149],[144.957477,-37.80397],[144.956635,-37.802165],[144.956719,-37.801677],[144.956715,-37.80099],[144.955034,-37.799652],[144.955082,-37.799446],[144.954726,-37.799407],[144.943369,-37.790362],[144.943289,-37.790298],[144.942166,-37.789404],[144.940876,-37.788365],[144.940309,-37.787542],[144.940308,-37.787541],[144.940255,-37.787463],[144.939669,-37.787726],[144.939659,-37.787729],[144.93965,-37.787734],[144.93964,-37.787738],[144.939631,-37.787742],[144.939621,-37.787747],[144.939612,-37.78775],[144.939602,-37.787755],[144.939592,-37.787759],[144.939583,-37.787763],[144.939573,-37.787768],[144.939564,-37.787772],[144.939554,-37.787776],[144.939545,-37.78778],[144.939535,-37.787785],[144.939525,-37.787789],[144.939517,-37.787793],[144.939507,-37.787797],[144.939498,-37.787802],[144.939488,-37.787807],[144.939479,-37.78781],[144.939469,-37.787815],[144.93946,-37.787819],[144.939451,-37.787824],[144.939441,-37.787828],[144.939432,-37.787833],[144.939422,-37.787836],[144.939413,-37.787841],[144.939404,-37.787846],[144.939394,-37.78785],[144.939385,-37.787855],[144.939376,-37.78786],[144.939367,-37.787864],[144.939357,-37.787869],[144.939348,-37.787873],[144.939339,-37.787878],[144.939329,-37.787881],[144.939321,-37.787887],[144.939311,-37.787891],[144.939301,-37.787896],[144.939293,-37.787901],[144.939283,-37.787906],[144.939274,-37.78791],[144.939265,-37.787915],[144.939256,-37.787919],[144.939247,-37.787924],[144.939237,-37.787929],[144.939229,-37.787934],[144.939219,-37.787938],[144.939211,-37.787943],[144.939201,-37.787948],[144.939192,-37.787953],[144.939183,-37.787957],[144.939174,-37.787962],[144.939165,-37.787967],[144.939156,-37.787972],[144.939146,-37.787977],[144.939138,-37.787982],[144.939128,-37.787986],[144.93912,-37.787992],[144.939111,-37.787996],[144.939101,-37.788001],[144.939093,-37.788006],[144.939083,-37.788011],[144.939075,-37.788016],[144.939066,-37.788021],[144.939057,-37.788026],[144.939048,-37.788031],[144.939039,-37.788036],[144.939031,-37.788041],[144.939021,-37.788046],[144.939012,-37.788051],[144.939004,-37.788056],[144.938994,-37.788061],[144.938986,-37.788066],[144.938977,-37.788071],[144.938968,-37.788076],[144.93896,-37.788082],[144.93895,-37.788086],[144.938942,-37.788092],[144.938933,-37.788097],[144.938924,-37.788102],[144.938916,-37.788108],[144.938907,-37.788112],[144.938899,-37.788117],[144.938889,-37.788123],[144.93888,-37.788128],[144.938872,-37.788133],[144.938863,-37.788139],[144.938855,-37.788144],[144.938846,-37.788149],[144.938837,-37.788155],[144.938829,-37.78816],[144.93882,-37.788165],[144.938812,-37.788171],[144.938803,-37.788176],[144.938794,-37.788181],[144.938786,-37.788185],[144.938777,-37.788192],[144.938768,-37.788197],[144.93876,-37.788202],[144.938752,-37.788208],[144.938744,-37.788213],[144.938735,-37.788219],[144.938709,-37.788235],[144.9387,-37.78824],[144.938693,-37.788246],[144.938684,-37.788252],[144.938676,-37.788257],[144.938667,-37.788262],[144.938659,-37.788268],[144.938651,-37.788274],[144.938642,-37.788279],[144.938634,-37.788285],[144.938626,-37.78829],[144.938617,-37.788296],[144.938609,-37.788302],[144.938601,-37.788307],[144.938592,-37.788313],[144.938584,-37.788318],[144.938576,-37.788325],[144.938567,-37.78833],[144.93856,-37.788336],[144.938551,-37.788341],[144.938543,-37.788347],[144.938535,-37.788353],[144.938526,-37.788359],[144.938519,-37.788364],[144.93851,-37.78837],[144.938502,-37.788376],[144.938494,-37.788381],[144.938486,-37.788387],[144.938477,-37.788393],[144.93847,-37.788399],[144.938461,-37.788405],[144.938454,-37.78841],[144.938446,-37.788416],[144.938437,-37.788422],[144.93843,-37.788427],[144.938421,-37.788434],[144.938413,-37.78844],[144.938406,-37.788446],[144.938397,-37.788452],[144.938389,-37.788458],[144.938382,-37.788463],[144.938374,-37.788469],[144.938366,-37.788475],[144.938358,-37.788482],[144.93835,-37.788488],[144.938343,-37.788494],[144.938334,-37.7885],[144.938326,-37.788506],[144.938319,-37.788511],[144.938311,-37.788517],[144.938296,-37.788529],[144.938287,-37.788535],[144.938279,-37.788541],[144.938272,-37.788548],[144.938264,-37.788554],[144.938256,-37.78856],[144.938249,-37.788567],[144.938241,-37.788573],[144.938226,-37.788585],[144.938218,-37.788591],[144.93821,-37.788597],[144.938203,-37.788603],[144.938195,-37.78861],[144.938187,-37.788616],[144.93818,-37.788622],[144.938172,-37.788628],[144.938165,-37.788634],[144.938158,-37.788641],[144.93815,-37.788647],[144.938142,-37.788653],[144.938135,-37.788659],[144.938127,-37.788666],[144.93812,-37.788672],[144.938113,-37.788678],[144.938105,-37.788685],[144.938097,-37.788691],[144.93809,-37.788697],[144.938083,-37.788704],[144.938075,-37.78871],[144.938068,-37.788717],[144.938061,-37.788723],[144.938053,-37.78873],[144.938046,-37.788736],[144.938039,-37.788742],[144.938031,-37.788749],[144.938024,-37.788755],[144.938018,-37.788761],[144.938017,-37.788762],[144.938016,-37.788762],[144.938009,-37.788768],[144.938003,-37.788774],[144.937995,-37.788781],[144.937988,-37.788787],[144.937981,-37.788794],[144.937974,-37.7888],[144.937973,-37.788801],[144.937966,-37.788807],[144.93796,-37.788813],[144.937959,-37.788814],[144.937952,-37.78882],[144.937951,-37.788821],[144.937945,-37.788827],[144.937938,-37.788833],[144.937931,-37.78884],[144.937924,-37.788846],[144.937917,-37.788853],[144.93791,-37.788859],[144.937902,-37.788866],[144.937896,-37.788873],[144.937889,-37.788879],[144.937882,-37.788886],[144.937874,-37.788893],[144.937868,-37.7889],[144.937861,-37.788906],[144.937853,-37.788912],[144.937827,-37.78894],[144.937826,-37.78894],[144.937819,-37.788947],[144.937811,-37.788953],[144.937805,-37.78896],[144.937798,-37.788966],[144.93779,-37.788973],[144.937784,-37.78898],[144.937776,-37.788987],[144.937769,-37.788994],[144.937762,-37.789001],[144.937755,-37.789008],[144.937748,-37.789015],[144.937741,-37.789022],[144.937734,-37.789029],[144.937727,-37.789035],[144.93772,-37.789042],[144.937713,-37.789049],[144.937706,-37.789056],[144.937699,-37.789063],[144.937693,-37.78907],[144.937686,-37.789077],[144.937678,-37.789084],[144.937671,-37.789091],[144.937665,-37.789098],[144.937658,-37.789104],[144.937651,-37.789112],[144.937645,-37.789119],[144.937637,-37.789126],[144.93763,-37.789133],[144.937624,-37.789139],[144.937617,-37.789147],[144.93761,-37.789154],[144.937604,-37.789161],[144.937597,-37.789168],[144.93759,-37.789175],[144.937583,-37.789182],[144.937577,-37.789189],[144.93757,-37.789196],[144.937563,-37.789203],[144.937557,-37.789211],[144.93755,-37.789218],[144.937544,-37.789224],[144.937537,-37.789232],[144.937531,-37.789239],[144.937524,-37.789246],[144.937517,-37.789253],[144.937511,-37.78926],[144.937505,-37.789268],[144.937498,-37.789274],[144.937491,-37.789282],[144.937485,-37.789289],[144.937478,-37.789296],[144.937472,-37.789303],[144.937466,-37.789311],[144.937459,-37.789318],[144.937453,-37.789325],[144.937446,-37.789333],[144.93744,-37.78934],[144.937434,-37.789347],[144.937427,-37.789354],[144.937421,-37.789362],[144.937415,-37.789369],[144.937408,-37.789376],[144.937402,-37.789384],[144.937396,-37.789391],[144.93739,-37.789398],[144.937383,-37.789406],[144.937378,-37.789412],[144.937371,-37.78942],[144.937365,-37.789428],[144.937358,-37.789435],[144.937353,-37.789442],[144.937346,-37.78945],[144.93734,-37.789457],[144.937334,-37.789464],[144.937328,-37.789472],[144.937322,-37.789479],[144.937315,-37.789487],[144.93731,-37.789494],[144.937304,-37.789501],[144.937297,-37.789509],[144.937291,-37.789516],[144.937286,-37.789524],[144.93728,-37.789531],[144.937273,-37.789538],[144.937267,-37.789546],[144.937262,-37.789554],[144.937256,-37.789561],[144.93725,-37.789569],[144.937243,-37.789576],[144.937238,-37.789583],[144.937232,-37.789591],[144.937226,-37.789598],[144.937221,-37.789606],[144.937215,-37.789614],[144.937209,-37.789621],[144.937203,-37.789629],[144.937198,-37.789636],[144.937192,-37.789644],[144.937186,-37.789652],[144.93718,-37.789659],[144.937175,-37.789667],[144.937169,-37.789674],[144.937163,-37.789682],[144.937157,-37.789689],[144.937152,-37.789697],[144.937146,-37.789705],[144.93714,-37.789712],[144.937134,-37.78972],[144.93713,-37.789727],[144.937124,-37.789735],[144.937118,-37.789743],[144.937112,-37.789751],[144.937107,-37.789759],[144.937102,-37.789766],[144.937096,-37.789774],[144.93709,-37.789781],[144.937085,-37.789789],[144.93708,-37.789797],[144.937074,-37.789805],[144.937068,-37.789812],[144.937063,-37.78982],[144.937058,-37.789828],[144.937052,-37.789835],[144.937047,-37.789844],[144.937041,-37.789851],[144.937037,-37.789859],[144.937031,-37.789866],[144.937026,-37.789875],[144.93702,-37.789882],[144.937016,-37.78989],[144.93701,-37.789897],[144.937005,-37.789906],[144.936999,-37.789913],[144.936994,-37.789921],[144.936989,-37.789929],[144.936984,-37.789937],[144.936978,-37.789944],[144.936973,-37.789953],[144.936969,-37.78996],[144.936963,-37.789968],[144.936958,-37.789976],[144.936953,-37.789984],[144.936948,-37.789992],[144.936943,-37.79],[144.936938,-37.790007],[144.936933,-37.790016],[144.936927,-37.790023],[144.936923,-37.790031],[144.936918,-37.790039],[144.936913,-37.790047],[144.936908,-37.790055],[144.936904,-37.790063],[144.936899,-37.790071],[144.936893,-37.790079],[144.936888,-37.790087],[144.936883,-37.790095],[144.936879,-37.790103],[144.936874,-37.79011],[144.936869,-37.790119],[144.936864,-37.790127],[144.936859,-37.790135],[144.936855,-37.790143],[144.93685,-37.790151],[144.936845,-37.790158],[144.93684,-37.790167],[144.936835,-37.790174],[144.936832,-37.790183],[144.936827,-37.790191],[144.936822,-37.790199],[144.936817,-37.790207],[144.936813,-37.790215],[144.936808,-37.790223],[144.936804,-37.790231],[144.936799,-37.790239],[144.936794,-37.790247],[144.93679,-37.790256],[144.936786,-37.790263],[144.936781,-37.790272],[144.936776,-37.79028],[144.936772,-37.790287],[144.936767,-37.790296],[144.936763,-37.790304],[144.936759,-37.790312],[144.936754,-37.79032],[144.936749,-37.790328],[144.936745,-37.790336],[144.936741,-37.790344],[144.936737,-37.790352],[144.936732,-37.790361],[144.936728,-37.790369],[144.936723,-37.790377],[144.93672,-37.790385],[144.936715,-37.790394],[144.936711,-37.790401],[144.936707,-37.79041],[144.936702,-37.790418],[144.936698,-37.790426],[144.936694,-37.790435],[144.93669,-37.790442],[144.936686,-37.790451],[144.936681,-37.790459],[144.936677,-37.790467],[144.936674,-37.790476],[144.93667,-37.790484],[144.936665,-37.790492],[144.936661,-37.7905],[144.936657,-37.790508],[144.936653,-37.790517],[144.93665,-37.790525],[144.936645,-37.790533],[144.936641,-37.790542],[144.936637,-37.790549],[144.936633,-37.790558],[144.936629,-37.790566],[144.936626,-37.790574],[144.936622,-37.790583],[144.936618,-37.790591],[144.936614,-37.790599],[144.93661,-37.790608],[144.936606,-37.790616],[144.936603,-37.790624],[144.936599,-37.790633],[144.936595,-37.790641],[144.936591,-37.79065],[144.936587,-37.790658],[144.936583,-37.790666],[144.93658,-37.790675],[144.936577,-37.790683],[144.936573,-37.790691],[144.936569,-37.7907],[144.936565,-37.790708],[144.936561,-37.790716],[144.936559,-37.790725],[144.936555,-37.790733],[144.936551,-37.790741],[144.936547,-37.79075],[144.936544,-37.790758],[144.93654,-37.790766],[144.936537,-37.790775],[144.936534,-37.790783],[144.93653,-37.790791],[144.936527,-37.7908],[144.936523,-37.790809],[144.936519,-37.790817],[144.936516,-37.790826],[144.936513,-37.790834],[144.93651,-37.790842],[144.936506,-37.790851],[144.936503,-37.790859],[144.936499,-37.790867],[144.936496,-37.790876],[144.936493,-37.790885],[144.93649,-37.790893],[144.936487,-37.790901],[144.936483,-37.79091],[144.93648,-37.790918],[144.936477,-37.790927],[144.936474,-37.790936],[144.93647,-37.790943],[144.936468,-37.790952],[144.936465,-37.790961],[144.936461,-37.790969],[144.936458,-37.790977],[144.936455,-37.790986],[144.936452,-37.790995],[144.936449,-37.791003],[144.936445,-37.791012],[144.936443,-37.79102],[144.93644,-37.791029],[144.936437,-37.791037],[144.936434,-37.791046],[144.936431,-37.791054],[144.936428,-37.791063],[144.936425,-37.791072],[144.936422,-37.79108],[144.93642,-37.791088],[144.936417,-37.791097],[144.936414,-37.791106],[144.936411,-37.791114],[144.936408,-37.791123],[144.936405,-37.791131],[144.936402,-37.79114],[144.936399,-37.791148],[144.936398,-37.791157],[144.936395,-37.791166],[144.936392,-37.791174],[144.936389,-37.791183],[144.936386,-37.791191],[144.936384,-37.7912],[144.936381,-37.791209],[144.936378,-37.791217],[144.936376,-37.791226],[144.936374,-37.791235],[144.936371,-37.791243],[144.936369,-37.791251],[144.936366,-37.791261],[144.936363,-37.791269],[144.936361,-37.791277],[144.936358,-37.791286],[144.936356,-37.791295],[144.936353,-37.791303],[144.936351,-37.791312],[144.936349,-37.79132],[144.936346,-37.79133],[144.936344,-37.791337],[144.936342,-37.791346],[144.936339,-37.791355],[144.936337,-37.791364],[144.936334,-37.791373],[144.936332,-37.791381],[144.93633,-37.79139],[144.936327,-37.791399],[144.936326,-37.791407],[144.936324,-37.791416],[144.936321,-37.791424],[144.936319,-37.791433],[144.936317,-37.791442],[144.936315,-37.79145],[144.936312,-37.791459],[144.93631,-37.791468],[144.936308,-37.791477],[144.936306,-37.791485],[144.936304,-37.791494],[144.936303,-37.791503],[144.9363,-37.791511],[144.936298,-37.79152],[144.936296,-37.791528],[144.936294,-37.791538],[144.936292,-37.791546],[144.93629,-37.791555],[144.936288,-37.791563],[144.936286,-37.791572],[144.936284,-37.791581],[144.936282,-37.79159],[144.93628,-37.791598],[144.936279,-37.791607],[144.936278,-37.791616],[144.936276,-37.791624],[144.936274,-37.791633],[144.936272,-37.791642],[144.93627,-37.791651],[144.936268,-37.79166],[144.936267,-37.791668],[144.936265,-37.791677],[144.936263,-37.791686],[144.936261,-37.791695],[144.93626,-37.791703],[144.936258,-37.791712],[144.936256,-37.79172],[144.936255,-37.79173],[144.936254,-37.791738],[144.936253,-37.791747],[144.936251,-37.791756],[144.936251,-37.791757],[144.935669,-37.794977],[144.935653,-37.795066],[144.935658,-37.795117],[144.935655,-37.795157],[144.935655,-37.795161],[144.935654,-37.795205],[144.935654,-37.795303],[144.935649,-37.795352],[144.935643,-37.795401],[144.935641,-37.795465],[144.935641,-37.795529],[144.935643,-37.795571],[144.935644,-37.795614],[144.935643,-37.79567],[144.935639,-37.795725],[144.935638,-37.795775],[144.935638,-37.795823],[144.935644,-37.795872],[144.935648,-37.795897],[144.935651,-37.795921],[144.935653,-37.795972],[144.935654,-37.796024],[144.935656,-37.796075],[144.935657,-37.796125],[144.935658,-37.796169],[144.935659,-37.796214],[144.935661,-37.796288],[144.935663,-37.796312],[144.935667,-37.796337],[144.935672,-37.79636],[144.935679,-37.796429],[144.935687,-37.796497],[144.935695,-37.796559],[144.935702,-37.79662],[144.935712,-37.796692],[144.935723,-37.796762],[144.935735,-37.796827],[144.935749,-37.796891],[144.935761,-37.79695],[144.935776,-37.797008],[144.935794,-37.797081],[144.935816,-37.797152],[144.935818,-37.797173],[144.935821,-37.797195],[144.93583,-37.797237],[144.935837,-37.797279],[144.935847,-37.79732],[144.935858,-37.797359],[144.93587,-37.797396],[144.93588,-37.797434],[144.935891,-37.797474],[144.935901,-37.797514],[144.935925,-37.797613],[144.935949,-37.797702],[144.935968,-37.79778],[144.935981,-37.797828],[144.935994,-37.797878],[144.936008,-37.797924],[144.936022,-37.797971],[144.936044,-37.798071],[144.936061,-37.798121],[144.936076,-37.798172],[144.936089,-37.79823],[144.936102,-37.798288],[144.93612,-37.798338],[144.936137,-37.798387],[144.936148,-37.798431],[144.936157,-37.798476],[144.936167,-37.798523],[144.936175,-37.798564],[144.936186,-37.798615],[144.936195,-37.798666],[144.936202,-37.798695],[144.936206,-37.798724],[144.936207,-37.798757],[144.936209,-37.79879],[144.936211,-37.798823],[144.936212,-37.798856],[144.936213,-37.798884],[144.936213,-37.798912],[144.936212,-37.798929],[144.936211,-37.798946],[144.936206,-37.798982],[144.936201,-37.799019],[144.936197,-37.799061],[144.936192,-37.799102],[144.936182,-37.799154],[144.93617,-37.799205],[144.936151,-37.799276],[144.936134,-37.799347],[144.936123,-37.799392],[144.936116,-37.799414],[144.936108,-37.799436],[144.936077,-37.799569],[144.936047,-37.799703],[144.936024,-37.799811],[144.936003,-37.79992],[144.935993,-37.800094],[144.93599,-37.800153],[144.935992,-37.800211],[144.935998,-37.800269],[144.936036,-37.80047],[144.936064,-37.800569],[144.9361,-37.800666],[144.93618,-37.800854],[144.93626,-37.801042],[144.93631,-37.801165],[144.936358,-37.801288],[144.936388,-37.801379],[144.936407,-37.801472],[144.936412,-37.80152],[144.936412,-37.80157],[144.936408,-37.801618],[144.936401,-37.801667],[144.936392,-37.801722],[144.936383,-37.801777],[144.93637,-37.801832],[144.936355,-37.801887],[144.936342,-37.80193],[144.936335,-37.801951],[144.936325,-37.801972],[144.936302,-37.802012],[144.936277,-37.802052],[144.936259,-37.802079],[144.93624,-37.802106],[144.936211,-37.80215],[144.936202,-37.80216],[144.936192,-37.802172],[144.936169,-37.802201],[144.936156,-37.802217],[144.936141,-37.802234],[144.93612,-37.802265],[144.936097,-37.802296],[144.936069,-37.802326],[144.936042,-37.802355],[144.936035,-37.802362],[144.93601,-37.802392],[144.935979,-37.802429],[144.93596,-37.802455],[144.93594,-37.80248],[144.935917,-37.802506],[144.935893,-37.802532],[144.935871,-37.802559],[144.935852,-37.802588],[144.935827,-37.802608],[144.935804,-37.802628],[144.935787,-37.802644],[144.935771,-37.80266],[144.935745,-37.802682],[144.935726,-37.8027],[144.935706,-37.802718],[144.935632,-37.802756],[144.935618,-37.802796],[144.935589,-37.802822],[144.935589,-37.802851],[144.935519,-37.802881],[144.935478,-37.802914],[144.935448,-37.802945],[144.935418,-37.802977],[144.935391,-37.803004],[144.935363,-37.803031],[144.935357,-37.803038],[144.935351,-37.803045],[144.935347,-37.803052],[144.935334,-37.803074],[144.935326,-37.803092],[144.935318,-37.803109],[144.935312,-37.80312],[144.935306,-37.803131],[144.935301,-37.803144],[144.935298,-37.803156],[144.935292,-37.803181],[144.935289,-37.8032],[144.935287,-37.803219],[144.935284,-37.80326],[144.935281,-37.803301],[144.935279,-37.803336],[144.935289,-37.803362],[144.935302,-37.80338],[144.935314,-37.8034],[144.935323,-37.803418],[144.935328,-37.803427],[144.935333,-37.803437],[144.935345,-37.803456],[144.935358,-37.803475],[144.935373,-37.803497],[144.935386,-37.803521],[144.935396,-37.803539],[144.935406,-37.803557],[144.935417,-37.803576],[144.935427,-37.803595],[144.935444,-37.803623],[144.93546,-37.803651],[144.935473,-37.803673]]]},"properties":{"name":"North Melbourne","canopy":15.478105529999999}},{"type":"Feature","geometry":{"type":"Polygon","coordinates":[[[144.953079,-37.827399],[144.952438,-37.827555],[144.95097,-37.827304],[144.950961,-37.82731],[144.950858,-37.827293],[144.950357,-37.827213],[144.950263,-37.827198],[144.950241,-37.827175],[144.950232,-37.827166],[144.950222,-37.827157],[144.950211,-37.827149],[144.9502,-37.827141],[144.950188,-37.827134],[144.950176,-37.827128],[144.950163,-37.827122],[144.95015,-37.827117],[144.950137,-37.827113],[144.950123,-37.827109],[144.950109,-37.827106],[144.950094,-37.827103],[144.95008,-37.827101],[144.950065,-37.8271],[144.95005,-37.8271],[144.950036,-37.8271],[144.950021,-37.827102],[144.950006,-37.827103],[144.949992,-37.827106],[144.949978,-37.827109],[144.949964,-37.827113],[144.949951,-37.827118],[144.949937,-37.827123],[144.949925,-37.827129],[144.949913,-37.827135],[144.949901,-37.827142],[144.949693,-37.827265],[144.949039,-37.827648],[144.949115,-37.827205],[144.949147,-37.827023],[144.949115,-37.827018],[144.948524,-37.826926],[144.948135,-37.826881],[144.94813,-37.82691],[144.94813,-37.826911],[144.947436,-37.826835],[144.94694,-37.826807],[144.946935,-37.826834],[144.946933,-37.826842],[144.94693,-37.826852],[144.946928,-37.826861],[144.946927,-37.826869],[144.946923,-37.826887],[144.946921,-37.826896],[144.946919,-37.826905],[144.946918,-37.826914],[144.946916,-37.826921],[144.946915,-37.826931],[144.946914,-37.82694],[144.946913,-37.82695],[144.946912,-37.826958],[144.94691,-37.826976],[144.946909,-37.826985],[144.946909,-37.827003],[144.946908,-37.827012],[144.946908,-37.827047],[144.946909,-37.827057],[144.946909,-37.827066],[144.94691,-37.827075],[144.94691,-37.827084],[144.946911,-37.827092],[144.946912,-37.827101],[144.946913,-37.82711],[144.946914,-37.82712],[144.946915,-37.827129],[144.946917,-37.827137],[144.946918,-37.827146],[144.94692,-37.827155],[144.946922,-37.827163],[144.946923,-37.827173],[144.946925,-37.827182],[144.946927,-37.82719],[144.946931,-37.827208],[144.946934,-37.827217],[144.946936,-37.827225],[144.946939,-37.827234],[144.946942,-37.827243],[144.946944,-37.827252],[144.946947,-37.82726],[144.94695,-37.827269],[144.946953,-37.827277],[144.946956,-37.827287],[144.94696,-37.827295],[144.946964,-37.827303],[144.946966,-37.827312],[144.94697,-37.82732],[144.946974,-37.827329],[144.946978,-37.827337],[144.946982,-37.827346],[144.946986,-37.827354],[144.94699,-37.827363],[144.946994,-37.827371],[144.946999,-37.827379],[144.947004,-37.827387],[144.947008,-37.827395],[144.947013,-37.827404],[144.947018,-37.827412],[144.947023,-37.827419],[144.947028,-37.827428],[144.947032,-37.827435],[144.947038,-37.827444],[144.947044,-37.827451],[144.947049,-37.82746],[144.947054,-37.827467],[144.94706,-37.827475],[144.947066,-37.827483],[144.947072,-37.82749],[144.947077,-37.827498],[144.947084,-37.827505],[144.94709,-37.827512],[144.947095,-37.82752],[144.947109,-37.827536],[144.947116,-37.827542],[144.947121,-37.82755],[144.947128,-37.827557],[144.947136,-37.827565],[144.947142,-37.827571],[144.947149,-37.827579],[144.947156,-37.827586],[144.947163,-37.827593],[144.947171,-37.827599],[144.949015,-37.829575],[144.949593,-37.830169],[144.952764,-37.828229],[144.954068,-37.831079],[144.954544,-37.830678],[144.954962,-37.830845],[144.959038,-37.829683],[144.962656,-37.828619],[144.962786,-37.828581],[144.963191,-37.828805],[144.963197,-37.828808],[144.965845,-37.831482],[144.969415,-37.830448],[144.970298,-37.830192],[144.970304,-37.83019],[144.97041,-37.830159],[144.970517,-37.830128],[144.970517,-37.830128],[144.971321,-37.829895],[144.971322,-37.829805],[144.971331,-37.828652],[144.97142,-37.827478],[144.971423,-37.827437],[144.971421,-37.82726],[144.971412,-37.827057],[144.971399,-37.82688],[144.971376,-37.826678],[144.97135,-37.826501],[144.971315,-37.8263],[144.971277,-37.826125],[144.971234,-37.825948],[144.97115,-37.825654],[144.971049,-37.82536],[144.970933,-37.82507],[144.970127,-37.823316],[144.969755,-37.822508],[144.96894,-37.82072],[144.968262,-37.819245],[144.968079,-37.819262],[144.967789,-37.819294],[144.967499,-37.819328],[144.96697,-37.819397],[144.966442,-37.819469],[144.966337,-37.819484],[144.966233,-37.8195],[144.966042,-37.819537],[144.965854,-37.819577],[144.965593,-37.819635],[144.965333,-37.819693],[144.964737,-37.819821],[144.964141,-37.819947],[144.963371,-37.820102],[144.962602,-37.820257],[144.961899,-37.820404],[144.961197,-37.820554],[144.959912,-37.821178],[144.958626,-37.821802],[144.957416,-37.82239],[144.956206,-37.822981],[144.955992,-37.823079],[144.956656,-37.82451],[144.9565,-37.824555],[144.955952,-37.824713],[144.956228,-37.825316],[144.955977,-37.825469],[144.9553,-37.825968],[144.954998,-37.82618],[144.95443,-37.82654],[144.95404,-37.826788],[144.953276,-37.827274],[144.953079,-37.827399]]]},"properties":{"name":"Southbank","canopy":7.27257065}},{"type":"Feature","geometry":{"type":"Polygon","coordinates":[[[144.978613,-37.818593],[144.982337,-37.820816],[144.98373,-37.821598],[144.984033,-37.82175],[144.985326,-37.822304],[144.985844,-37.822495],[144.986703,-37.822769],[144.987039,-37.822856],[144.989097,-37.823119],[144.989112,-37.823031],[144.989112,-37.82303],[144.989723,-37.819385],[144.990008,-37.817699],[144.990022,-37.817286],[144.990092,-37.816889],[144.991315,-37.809946],[144.991315,-37.809945],[144.991331,-37.809857],[144.991218,-37.809845],[144.982665,-37.808934],[144.982664,-37.808933],[144.982553,-37.808922],[144.982442,-37.80891],[144.98244,-37.80891],[144.973301,-37.807935],[144.973299,-37.807935],[144.973188,-37.807923],[144.973076,-37.807911],[144.971363,-37.807728],[144.974867,-37.815289],[144.974712,-37.815887],[144.975384,-37.815977],[144.975436,-37.816094],[144.975685,-37.816645],[144.976079,-37.816789],[144.976177,-37.816825],[144.976202,-37.816849],[144.976647,-37.817284],[144.976731,-37.81734],[144.976816,-37.817395],[144.977304,-37.81772],[144.977928,-37.818136],[144.977964,-37.818141],[144.978042,-37.818152],[144.978087,-37.818148],[144.97812,-37.818115],[144.978283,-37.818137],[144.978412,-37.818217],[144.978674,-37.818246],[144.978613,-37.818593]]]},"properties":{"name":"East Melbourne","canopy":17.63600991}},{"type":"Feature","geometry":{"type":"Polygon","coordinates":[[[144.904011,-37.788954],[144.903543,-37.789285],[144.902754,-37.789609],[144.902724,-37.789621],[144.902625,-37.789662],[144.902617,-37.789751],[144.902609,-37.789846],[144.902669,-37.790153],[144.902756,-37.790406],[144.902832,-37.790551],[144.902987,-37.790806],[144.903131,-37.791034],[144.903328,-37.791281],[144.903515,-37.791464],[144.903792,-37.791677],[144.90406,-37.79183],[144.904273,-37.791933],[144.904514,-37.792027],[144.904764,-37.792099],[144.904791,-37.792109],[144.904832,-37.792119],[144.904996,-37.792171],[144.9058,-37.792501],[144.906236,-37.792662],[144.906776,-37.792865],[144.906861,-37.792898],[144.906901,-37.792917],[144.906934,-37.792931],[144.90697,-37.79295],[144.907008,-37.792968],[144.907089,-37.793015],[144.907199,-37.793076],[144.907285,-37.793122],[144.907385,-37.793173],[144.907461,-37.793211],[144.907587,-37.793281],[144.907878,-37.793435],[144.907954,-37.793472],[144.908075,-37.793533],[144.908281,-37.793613],[144.908372,-37.793646],[144.908529,-37.793712],[144.908659,-37.793768],[144.908739,-37.793797],[144.908848,-37.793835],[144.909038,-37.793888],[144.909216,-37.793936],[144.909689,-37.794043],[144.909833,-37.794078],[144.909927,-37.794097],[144.91002,-37.794112],[144.910088,-37.794132],[144.910173,-37.79416],[144.910263,-37.79418],[144.910326,-37.794203],[144.910413,-37.794228],[144.910503,-37.794247],[144.910631,-37.794281],[144.910794,-37.794333],[144.910967,-37.794391],[144.911249,-37.794463],[144.911435,-37.794525],[144.911468,-37.794539],[144.912167,-37.794799],[144.912851,-37.795111],[144.912948,-37.795156],[144.913872,-37.794767],[144.92066,-37.790548],[144.922819,-37.78919],[144.922908,-37.789134],[144.92281,-37.789041],[144.921721,-37.787888],[144.921309,-37.787459],[144.921483,-37.78745],[144.921495,-37.78745],[144.922463,-37.787402],[144.929471,-37.788157],[144.931718,-37.788398],[144.932171,-37.788335],[144.937826,-37.78894],[144.937827,-37.78894],[144.937853,-37.788912],[144.937861,-37.788906],[144.937868,-37.7889],[144.937874,-37.788893],[144.937882,-37.788886],[144.937889,-37.788879],[144.937896,-37.788873],[144.937902,-37.788866],[144.93791,-37.788859],[144.937917,-37.788853],[144.937924,-37.788846],[144.937931,-37.78884],[144.937938,-37.788833],[144.937945,-37.788827],[144.937951,-37.788821],[144.937952,-37.78882],[144.937959,-37.788814],[144.93796,-37.788813],[144.937966,-37.788807],[144.937973,-37.788801],[144.937974,-37.7888],[144.937981,-37.788794],[144.937988,-37.788787],[144.937995,-37.788781],[144.938003,-37.788774],[144.938009,-37.788768],[144.938016,-37.788762],[144.938017,-37.788762],[144.938018,-37.788761],[144.938024,-37.788755],[144.938031,-37.788749],[144.938039,-37.788742],[144.938046,-37.788736],[144.938053,-37.78873],[144.938061,-37.788723],[144.938068,-37.788717],[144.938075,-37.78871],[144.938083,-37.788704],[144.93809,-37.788697],[144.938097,-37.788691],[144.938105,-37.788685],[144.938113,-37.788678],[144.93812,-37.788672],[144.938127,-37.788666],[144.938135,-37.788659],[144.938142,-37.788653],[144.93815,-37.788647],[144.938158,-37.788641],[144.938165,-37.788634],[144.938172,-37.788628],[144.93818,-37.788622],[144.938187,-37.788616],[144.938195,-37.78861],[144.938203,-37.788603],[144.93821,-37.788597],[144.938218,-37.788591],[144.938226,-37.788585],[144.938241,-37.788573],[144.938249,-37.788567],[144.938256,-37.78856],[144.938264,-37.788554],[144.938272,-37.788548],[144.938279,-37.788541],[144.938287,-37.788535],[144.938296,-37.788529],[144.938311,-37.788517],[144.938319,-37.788511],[144.938326,-37.788506],[144.938334,-37.7885],[144.938343,-37.788494],[144.93835,-37.788488],[144.938358,-37.788482],[144.938366,-37.788475],[144.938374,-37.788469],[144.938382,-37.788463],[144.938389,-37.788458],[144.938397,-37.788452],[144.938406,-37.788446],[144.938413,-37.78844],[144.938421,-37.788434],[144.93843,-37.788427],[144.938437,-37.788422],[144.938446,-37.788416],[144.938454,-37.78841],[144.938461,-37.788405],[144.93847,-37.788399],[144.938477,-37.788393],[144.938486,-37.788387],[144.938494,-37.788381],[144.938502,-37.788376],[144.93851,-37.78837],[144.938519,-37.788364],[144.938526,-37.788359],[144.938535,-37.788353],[144.938543,-37.788347],[144.938551,-37.788341],[144.93856,-37.788336],[144.938567,-37.78833],[144.938576,-37.788325],[144.938584,-37.788318],[144.938592,-37.788313],[144.938601,-37.788307],[144.938609,-37.788302],[144.938617,-37.788296],[144.938626,-37.78829],[144.938634,-37.788285],[144.938642,-37.788279],[144.938651,-37.788274],[144.938659,-37.788268],[144.938667,-37.788262],[144.938676,-37.788257],[144.938684,-37.788252],[144.938693,-37.788246],[144.9387,-37.78824],[144.938709,-37.788235],[144.938735,-37.788219],[144.938744,-37.788213],[144.938752,-37.788208],[144.93876,-37.788202],[144.938768,-37.788197],[144.938777,-37.788192],[144.938786,-37.788185],[144.938794,-37.788181],[144.938803,-37.788176],[144.938812,-37.788171],[144.93882,-37.788165],[144.938829,-37.78816],[144.938837,-37.788155],[144.938846,-37.788149],[144.938855,-37.788144],[144.938863,-37.788139],[144.938872,-37.788133],[144.93888,-37.788128],[144.938889,-37.788123],[144.938899,-37.788117],[144.938907,-37.788112],[144.938916,-37.788108],[144.938924,-37.788102],[144.938933,-37.788097],[144.938942,-37.788092],[144.93895,-37.788086],[144.93896,-37.788082],[144.938968,-37.788076],[144.938977,-37.788071],[144.938986,-37.788066],[144.938994,-37.788061],[144.939004,-37.788056],[144.939012,-37.788051],[144.939021,-37.788046],[144.939031,-37.788041],[144.939039,-37.788036],[144.939048,-37.788031],[144.939057,-37.788026],[144.939066,-37.788021],[144.939075,-37.788016],[144.939083,-37.788011],[144.939093,-37.788006],[144.939101,-37.788001],[144.939111,-37.787996],[144.93912,-37.787992],[144.939128,-37.787986],[144.939138,-37.787982],[144.939146,-37.787977],[144.939156,-37.787972],[144.939165,-37.787967],[144.939174,-37.787962],[144.939183,-37.787957],[144.939192,-37.787953],[144.939201,-37.787948],[144.939211,-37.787943],[144.939219,-37.787938],[144.939229,-37.787934],[144.939237,-37.787929],[144.939247,-37.787924],[144.939256,-37.787919],[144.939265,-37.787915],[144.939274,-37.78791],[144.939283,-37.787906],[144.939293,-37.787901],[144.939301,-37.787896],[144.939311,-37.787891],[144.939321,-37.787887],[144.939329,-37.787881],[144.939339,-37.787878],[144.939348,-37.787873],[144.939357,-37.787869],[144.939367,-37.787864],[144.939376,-37.78786],[144.939385,-37.787855],[144.939394,-37.78785],[144.939404,-37.787846],[144.939413,-37.787841],[144.939422,-37.787836],[144.939432,-37.787833],[144.939441,-37.787828],[144.939451,-37.787824],[144.93946,-37.787819],[144.939469,-37.787815],[144.939479,-37.78781],[144.939488,-37.787807],[144.939498,-37.787802],[144.939507,-37.787797],[144.939517,-37.787793],[144.939525,-37.787789],[144.939535,-37.787785],[144.939545,-37.78778],[144.939554,-37.787776],[144.939564,-37.787772],[144.939573,-37.787768],[144.939583,-37.787763],[144.939592,-37.787759],[144.939602,-37.787755],[144.939612,-37.78775],[144.939621,-37.787747],[144.939631,-37.787742],[144.93964,-37.787738],[144.93965,-37.787734],[144.939659,-37.787729],[144.939669,-37.787726],[144.940255,-37.787463],[144.940201,-37.787385],[144.9402,-37.787384],[144.940078,-37.787207],[144.940005,-37.787113],[144.940004,-37.787113],[144.939945,-37.787038],[144.939885,-37.786961],[144.938357,-37.785023],[144.938038,-37.78465],[144.937652,-37.784334],[144.937139,-37.784108],[144.934332,-37.782784],[144.933929,-37.782529],[144.933432,-37.782168],[144.93343,-37.782167],[144.933428,-37.782165],[144.933425,-37.782163],[144.933422,-37.78216],[144.933419,-37.782158],[144.933415,-37.782155],[144.933412,-37.782153],[144.933409,-37.782151],[144.933407,-37.782148],[144.933404,-37.782145],[144.933401,-37.782143],[144.933398,-37.782141],[144.933395,-37.782138],[144.933392,-37.782136],[144.933389,-37.782133],[144.933386,-37.782131],[144.933384,-37.782128],[144.933381,-37.782126],[144.933378,-37.782123],[144.933375,-37.782121],[144.933372,-37.782118],[144.933369,-37.782116],[144.933366,-37.782113],[144.933363,-37.78211],[144.933361,-37.782108],[144.933358,-37.782106],[144.933355,-37.782103],[144.933352,-37.782101],[144.933349,-37.782098],[144.933346,-37.782095],[144.933343,-37.782093],[144.933341,-37.782091],[144.933338,-37.782088],[144.933335,-37.782085],[144.933333,-37.782083],[144.93333,-37.78208],[144.933327,-37.782078],[144.933324,-37.782076],[144.933321,-37.782072],[144.933319,-37.78207],[144.933316,-37.782067],[144.933313,-37.782065],[144.93331,-37.782063],[144.933308,-37.78206],[144.933305,-37.782057],[144.933302,-37.782054],[144.933299,-37.782052],[144.933297,-37.78205],[144.933294,-37.782047],[144.933292,-37.782044],[144.933289,-37.782041],[144.933286,-37.782039],[144.933283,-37.782036],[144.93328,-37.782034],[144.933277,-37.782031],[144.933276,-37.782028],[144.933273,-37.782026],[144.93327,-37.782023],[144.933267,-37.782021],[144.933265,-37.782018],[144.933262,-37.782015],[144.933259,-37.782012],[144.933256,-37.78201],[144.933255,-37.782007],[144.933252,-37.782005],[144.933249,-37.782002],[144.933246,-37.782],[144.933244,-37.781997],[144.933241,-37.781994],[144.933238,-37.781991],[144.933236,-37.781989],[144.932797,-37.781482],[144.932326,-37.780913],[144.932116,-37.780892],[144.932101,-37.780985],[144.932063,-37.781231],[144.932058,-37.781258],[144.931916,-37.781244],[144.931744,-37.781227],[144.93157,-37.781209],[144.931267,-37.781178],[144.931252,-37.781267],[144.931237,-37.78136],[144.931047,-37.78135],[144.931026,-37.781325],[144.930776,-37.7813],[144.930749,-37.781133],[144.930757,-37.781089],[144.930486,-37.781062],[144.930451,-37.781269],[144.930412,-37.781498],[144.930406,-37.781532],[144.930405,-37.781532],[144.930222,-37.781513],[144.9302,-37.781511],[144.93003,-37.781493],[144.929937,-37.781484],[144.929775,-37.781467],[144.929646,-37.781453],[144.929689,-37.781191],[144.929694,-37.781156],[144.929632,-37.78115],[144.929568,-37.781144],[144.929577,-37.781089],[144.929348,-37.781064],[144.929363,-37.780967],[144.929362,-37.780967],[144.929288,-37.780959],[144.929223,-37.780953],[144.929153,-37.780946],[144.929085,-37.780939],[144.92886,-37.780896],[144.928503,-37.780861],[144.928478,-37.780859],[144.928435,-37.780855],[144.928418,-37.780973],[144.928418,-37.780974],[144.928331,-37.780966],[144.92831,-37.781082],[144.928304,-37.781117],[144.928269,-37.781097],[144.928256,-37.781024],[144.928194,-37.781018],[144.928214,-37.780899],[144.928088,-37.780886],[144.927962,-37.780874],[144.927893,-37.780867],[144.927828,-37.780861],[144.927676,-37.780844],[144.92766,-37.780944],[144.927674,-37.780945],[144.92767,-37.780965],[144.927607,-37.780958],[144.927606,-37.780958],[144.927584,-37.781094],[144.927584,-37.781095],[144.927472,-37.780993],[144.927397,-37.780923],[144.927251,-37.78079],[144.927061,-37.780616],[144.926704,-37.780685],[144.926698,-37.780678],[144.926693,-37.780671],[144.926688,-37.780664],[144.926683,-37.780657],[144.926677,-37.78065],[144.926672,-37.780643],[144.926667,-37.780635],[144.926662,-37.780628],[144.926656,-37.780622],[144.926651,-37.780614],[144.926646,-37.780607],[144.926641,-37.7806],[144.926635,-37.780592],[144.92663,-37.780586],[144.926625,-37.780579],[144.92662,-37.780572],[144.926614,-37.780565],[144.926608,-37.780558],[144.926604,-37.78055],[144.926598,-37.780543],[144.926593,-37.780537],[144.926587,-37.780529],[144.926583,-37.780522],[144.926577,-37.780515],[144.926571,-37.780508],[144.926566,-37.780501],[144.926561,-37.780494],[144.926555,-37.780487],[144.92655,-37.78048],[144.926544,-37.780473],[144.92654,-37.780466],[144.926534,-37.780459],[144.926528,-37.780452],[144.926523,-37.780445],[144.926518,-37.780438],[144.926512,-37.780431],[144.926506,-37.780424],[144.926501,-37.780417],[144.926496,-37.78041],[144.92649,-37.780403],[144.926485,-37.780395],[144.926479,-37.780389],[144.926474,-37.780382],[144.926468,-37.780375],[144.926463,-37.780368],[144.926457,-37.780361],[144.926452,-37.780354],[144.926446,-37.780347],[144.926441,-37.78034],[144.926435,-37.780333],[144.92643,-37.780326],[144.925182,-37.780201],[144.925119,-37.780558],[144.924826,-37.780529],[144.924765,-37.780523],[144.924706,-37.780517],[144.924646,-37.780511],[144.924515,-37.780499],[144.92451,-37.780526],[144.924508,-37.780529],[144.924484,-37.780678],[144.924481,-37.780701],[144.924458,-37.780837],[144.924458,-37.780838],[144.924439,-37.780836],[144.924301,-37.780823],[144.924162,-37.780809],[144.924146,-37.780808],[144.923855,-37.780779],[144.923775,-37.780773],[144.923757,-37.78077],[144.923518,-37.780746],[144.923422,-37.780737],[144.923308,-37.780726],[144.923308,-37.780725],[144.923361,-37.780407],[144.923284,-37.780399],[144.92328,-37.780424],[144.923234,-37.78042],[144.9232,-37.780417],[144.923124,-37.780408],[144.923044,-37.780401],[144.922966,-37.780393],[144.922888,-37.780386],[144.922807,-37.780378],[144.922591,-37.780356],[144.922035,-37.783696],[144.917777,-37.783636],[144.917632,-37.783634],[144.917327,-37.783316],[144.914823,-37.780661],[144.914532,-37.780395],[144.913586,-37.77939],[144.908278,-37.782504],[144.908277,-37.782506],[144.908158,-37.782634],[144.908044,-37.782765],[144.907933,-37.782898],[144.907826,-37.783032],[144.907723,-37.783169],[144.907623,-37.783307],[144.907528,-37.783447],[144.907437,-37.783589],[144.90735,-37.783733],[144.907267,-37.783877],[144.907188,-37.784024],[144.907113,-37.784172],[144.907043,-37.784321],[144.906976,-37.784471],[144.906914,-37.784622],[144.906857,-37.784775],[144.906804,-37.784928],[144.906755,-37.785083],[144.90671,-37.785238],[144.90667,-37.785394],[144.906635,-37.785551],[144.906555,-37.786022],[144.906478,-37.786701],[144.906472,-37.786752],[144.906464,-37.786828],[144.906452,-37.786903],[144.906436,-37.786978],[144.906422,-37.787027],[144.906335,-37.787399],[144.904965,-37.787155],[144.904941,-37.787247],[144.90489,-37.787422],[144.904836,-37.787597],[144.904774,-37.787747],[144.904708,-37.787896],[144.904638,-37.788043],[144.904563,-37.788189],[144.904484,-37.788334],[144.904402,-37.788477],[144.904315,-37.788619],[144.904251,-37.788718],[144.904011,-37.788954]]]},"properties":{"name":"FLEMINGTON","canopy":17.40698414}},{"type":"Feature","geometry":{"type":"Polygon","coordinates":[[[144.922818,-37.799125],[144.923159,-37.799225],[144.92358,-37.799337],[144.925476,-37.7996],[144.930583,-37.800365],[144.930594,-37.800367],[144.930604,-37.800369],[144.930615,-37.800372],[144.930625,-37.800374],[144.930636,-37.800376],[144.930646,-37.800378],[144.930657,-37.800381],[144.930668,-37.800383],[144.930678,-37.800385],[144.930689,-37.800388],[144.930699,-37.800391],[144.93071,-37.800393],[144.93072,-37.800395],[144.930731,-37.800397],[144.930741,-37.800399],[144.930752,-37.800402],[144.930762,-37.800404],[144.930773,-37.800407],[144.930783,-37.800409],[144.930794,-37.800411],[144.930804,-37.800413],[144.930815,-37.800416],[144.930825,-37.800419],[144.930835,-37.800421],[144.930845,-37.800423],[144.930856,-37.800426],[144.930866,-37.800428],[144.930877,-37.80043],[144.930888,-37.800432],[144.930898,-37.800435],[144.930909,-37.800438],[144.930919,-37.80044],[144.93093,-37.800442],[144.93094,-37.800445],[144.930951,-37.800447],[144.930961,-37.80045],[144.930972,-37.800452],[144.930982,-37.800455],[144.930992,-37.800457],[144.931002,-37.80046],[144.931023,-37.800464],[144.931034,-37.800467],[144.931044,-37.80047],[144.931055,-37.800472],[144.931065,-37.800474],[144.931076,-37.800477],[144.931086,-37.80048],[144.931097,-37.800482],[144.931107,-37.800484],[144.931117,-37.800487],[144.931128,-37.80049],[144.931138,-37.800492],[144.931149,-37.800495],[144.931159,-37.800497],[144.93117,-37.800499],[144.93118,-37.800502],[144.93119,-37.800505],[144.9312,-37.800506],[144.931211,-37.80051],[144.931221,-37.800512],[144.931232,-37.800515],[144.931242,-37.800518],[144.931253,-37.80052],[144.931263,-37.800523],[144.931273,-37.800525],[144.931284,-37.800528],[144.931294,-37.800531],[144.931305,-37.800533],[144.931315,-37.800536],[144.931326,-37.800538],[144.931336,-37.800541],[144.931346,-37.800544],[144.931356,-37.800547],[144.931367,-37.800549],[144.931377,-37.800551],[144.931388,-37.800554],[144.931398,-37.800557],[144.931408,-37.80056],[144.931418,-37.800563],[144.931429,-37.800565],[144.931439,-37.800568],[144.93145,-37.80057],[144.93146,-37.800573],[144.93147,-37.800575],[144.931481,-37.800579],[144.931491,-37.800581],[144.931502,-37.800584],[144.931512,-37.800587],[144.931522,-37.800589],[144.931532,-37.800592],[144.931543,-37.800595],[144.931553,-37.800598],[144.931564,-37.8006],[144.931573,-37.800603],[144.931584,-37.800606],[144.931594,-37.800608],[144.931605,-37.800611],[144.931615,-37.800614],[144.931625,-37.800617],[144.931636,-37.80062],[144.931646,-37.800623],[144.931657,-37.800625],[144.931667,-37.800628],[144.931677,-37.800631],[144.931687,-37.800633],[144.931698,-37.800636],[144.931708,-37.800639],[144.931718,-37.800642],[144.931728,-37.800645],[144.931739,-37.800648],[144.931749,-37.80065],[144.931759,-37.800653],[144.931769,-37.800656],[144.93178,-37.800658],[144.93179,-37.800661],[144.9318,-37.800665],[144.931811,-37.800668],[144.931821,-37.800671],[144.931832,-37.800674],[144.931841,-37.800676],[144.931852,-37.800679],[144.931862,-37.800682],[144.931873,-37.800685],[144.931882,-37.800688],[144.931893,-37.80069],[144.931903,-37.800693],[144.931913,-37.800696],[144.931934,-37.800703],[144.931944,-37.800706],[144.931954,-37.800708],[144.931955,-37.800709],[144.931965,-37.800711],[144.931975,-37.800714],[144.93198,-37.800715],[144.931985,-37.800717],[144.931995,-37.80072],[144.932006,-37.800723],[144.932016,-37.800726],[144.932026,-37.800729],[144.932036,-37.800732],[144.932045,-37.800734],[144.932047,-37.800734],[144.932056,-37.800738],[144.932067,-37.800741],[144.932077,-37.800744],[144.932087,-37.800747],[144.932098,-37.80075],[144.932108,-37.800753],[144.932118,-37.800756],[144.932139,-37.800762],[144.932148,-37.800765],[144.932159,-37.800768],[144.932169,-37.800771],[144.932179,-37.800774],[144.932189,-37.800777],[144.9322,-37.80078],[144.932209,-37.800783],[144.93222,-37.800786],[144.93223,-37.800789],[144.93224,-37.800792],[144.932251,-37.800795],[144.93226,-37.800798],[144.932271,-37.800801],[144.932281,-37.800804],[144.932291,-37.800808],[144.932301,-37.800811],[144.932312,-37.800814],[144.932321,-37.800817],[144.932332,-37.80082],[144.932341,-37.800823],[144.932352,-37.800827],[144.932362,-37.80083],[144.932372,-37.800833],[144.932383,-37.800836],[144.932393,-37.800839],[144.932403,-37.800842],[144.932413,-37.800846],[144.932423,-37.800849],[144.932433,-37.800852],[144.932444,-37.800855],[144.932453,-37.800858],[144.932464,-37.800861],[144.932473,-37.800865],[144.932484,-37.800868],[144.932493,-37.800871],[144.932504,-37.800874],[144.932515,-37.800877],[144.932524,-37.800881],[144.932535,-37.800884],[144.932544,-37.800887],[144.932555,-37.80089],[144.932564,-37.800893],[144.932575,-37.800897],[144.932584,-37.8009],[144.932595,-37.800903],[144.932605,-37.800906],[144.932615,-37.80091],[144.932625,-37.800913],[144.932635,-37.800916],[144.932646,-37.80092],[144.932655,-37.800923],[144.932666,-37.800926],[144.932675,-37.80093],[144.932686,-37.800933],[144.932695,-37.800936],[144.932706,-37.80094],[144.932715,-37.800943],[144.932726,-37.800945],[144.932735,-37.80095],[144.932746,-37.800953],[144.932756,-37.800957],[144.932766,-37.80096],[144.932776,-37.800963],[144.932786,-37.800966],[144.932796,-37.800969],[144.932806,-37.800973],[144.932816,-37.800976],[144.932826,-37.800979],[144.932836,-37.800983],[144.932846,-37.800986],[144.932856,-37.80099],[144.932866,-37.800993],[144.932876,-37.800997],[144.932887,-37.801],[144.932896,-37.801004],[144.932907,-37.801007],[144.932916,-37.801011],[144.932927,-37.801014],[144.932936,-37.801017],[144.932947,-37.80102],[144.932957,-37.801024],[144.933363,-37.80117],[144.93382,-37.801338],[144.933982,-37.801402],[144.934658,-37.801682],[144.936035,-37.802362],[144.936042,-37.802355],[144.936069,-37.802326],[144.936097,-37.802296],[144.93612,-37.802265],[144.936141,-37.802234],[144.936156,-37.802217],[144.936169,-37.802201],[144.936192,-37.802172],[144.936202,-37.80216],[144.936211,-37.80215],[144.93624,-37.802106],[144.936259,-37.802079],[144.936277,-37.802052],[144.936302,-37.802012],[144.936325,-37.801972],[144.936335,-37.801951],[144.936342,-37.80193],[144.936355,-37.801887],[144.93637,-37.801832],[144.936383,-37.801777],[144.936392,-37.801722],[144.936401,-37.801667],[144.936408,-37.801618],[144.936412,-37.80157],[144.936412,-37.80152],[144.936407,-37.801472],[144.936388,-37.801379],[144.936358,-37.801288],[144.93631,-37.801165],[144.93626,-37.801042],[144.93618,-37.800854],[144.9361,-37.800666],[144.936064,-37.800569],[144.936036,-37.80047],[144.935998,-37.800269],[144.935992,-37.800211],[144.93599,-37.800153],[144.935993,-37.800094],[144.936003,-37.79992],[144.936024,-37.799811],[144.936047,-37.799703],[144.936077,-37.799569],[144.936108,-37.799436],[144.936116,-37.799414],[144.936123,-37.799392],[144.936134,-37.799347],[144.936151,-37.799276],[144.93617,-37.799205],[144.936182,-37.799154],[144.936192,-37.799102],[144.936197,-37.799061],[144.936201,-37.799019],[144.936206,-37.798982],[144.936211,-37.798946],[144.936212,-37.798929],[144.936213,-37.798912],[144.936213,-37.798884],[144.936212,-37.798856],[144.936211,-37.798823],[144.936209,-37.79879],[144.936207,-37.798757],[144.936206,-37.798724],[144.936202,-37.798695],[144.936195,-37.798666],[144.936186,-37.798615],[144.936175,-37.798564],[144.936167,-37.798523],[144.936157,-37.798476],[144.936148,-37.798431],[144.936137,-37.798387],[144.93612,-37.798338],[144.936102,-37.798288],[144.936089,-37.79823],[144.936076,-37.798172],[144.936061,-37.798121],[144.936044,-37.798071],[144.936022,-37.797971],[144.936008,-37.797924],[144.935994,-37.797878],[144.935981,-37.797828],[144.935968,-37.79778],[144.935949,-37.797702],[144.935925,-37.797613],[144.935901,-37.797514],[144.935891,-37.797474],[144.93588,-37.797434],[144.93587,-37.797396],[144.935858,-37.797359],[144.935847,-37.79732],[144.935837,-37.797279],[144.93583,-37.797237],[144.935821,-37.797195],[144.935818,-37.797173],[144.935816,-37.797152],[144.935794,-37.797081],[144.935776,-37.797008],[144.935761,-37.79695],[144.935749,-37.796891],[144.935735,-37.796827],[144.935723,-37.796762],[144.935712,-37.796692],[144.935702,-37.79662],[144.935695,-37.796559],[144.935687,-37.796497],[144.935679,-37.796429],[144.935672,-37.79636],[144.935667,-37.796337],[144.935663,-37.796312],[144.935661,-37.796288],[144.935659,-37.796214],[144.935658,-37.796169],[144.935657,-37.796125],[144.935656,-37.796075],[144.935654,-37.796024],[144.935653,-37.795972],[144.935651,-37.795921],[144.935648,-37.795897],[144.935644,-37.795872],[144.935638,-37.795823],[144.935638,-37.795775],[144.935639,-37.795725],[144.935643,-37.79567],[144.935644,-37.795614],[144.935643,-37.795571],[144.935641,-37.795529],[144.935641,-37.795465],[144.935643,-37.795401],[144.935649,-37.795352],[144.935654,-37.795303],[144.935654,-37.795205],[144.935655,-37.795161],[144.935655,-37.795157],[144.935658,-37.795117],[144.935653,-37.795066],[144.935669,-37.794977],[144.936251,-37.791757],[144.936251,-37.791756],[144.936253,-37.791747],[144.936254,-37.791738],[144.936255,-37.79173],[144.936256,-37.79172],[144.936258,-37.791712],[144.93626,-37.791703],[144.936261,-37.791695],[144.936263,-37.791686],[144.936265,-37.791677],[144.936267,-37.791668],[144.936268,-37.79166],[144.93627,-37.791651],[144.936272,-37.791642],[144.936274,-37.791633],[144.936276,-37.791624],[144.936278,-37.791616],[144.936279,-37.791607],[144.93628,-37.791598],[144.936282,-37.79159],[144.936284,-37.791581],[144.936286,-37.791572],[144.936288,-37.791563],[144.93629,-37.791555],[144.936292,-37.791546],[144.936294,-37.791538],[144.936296,-37.791528],[144.936298,-37.79152],[144.9363,-37.791511],[144.936303,-37.791503],[144.936304,-37.791494],[144.936306,-37.791485],[144.936308,-37.791477],[144.93631,-37.791468],[144.936312,-37.791459],[144.936315,-37.79145],[144.936317,-37.791442],[144.936319,-37.791433],[144.936321,-37.791424],[144.936324,-37.791416],[144.936326,-37.791407],[144.936327,-37.791399],[144.93633,-37.79139],[144.936332,-37.791381],[144.936334,-37.791373],[144.936337,-37.791364],[144.936339,-37.791355],[144.936342,-37.791346],[144.936344,-37.791337],[144.936346,-37.79133],[144.936349,-37.79132],[144.936351,-37.791312],[144.936353,-37.791303],[144.936356,-37.791295],[144.936358,-37.791286],[144.936361,-37.791277],[144.936363,-37.791269],[144.936366,-37.791261],[144.936369,-37.791251],[144.936371,-37.791243],[144.936374,-37.791235],[144.936376,-37.791226],[144.936378,-37.791217],[144.936381,-37.791209],[144.936384,-37.7912],[144.936386,-37.791191],[144.936389,-37.791183],[144.936392,-37.791174],[144.936395,-37.791166],[144.936398,-37.791157],[144.936399,-37.791148],[144.936402,-37.79114],[144.936405,-37.791131],[144.936408,-37.791123],[144.936411,-37.791114],[144.936414,-37.791106],[144.936417,-37.791097],[144.93642,-37.791088],[144.936422,-37.79108],[144.936425,-37.791072],[144.936428,-37.791063],[144.936431,-37.791054],[144.936434,-37.791046],[144.936437,-37.791037],[144.93644,-37.791029],[144.936443,-37.79102],[144.936445,-37.791012],[144.936449,-37.791003],[144.936452,-37.790995],[144.936455,-37.790986],[144.936458,-37.790977],[144.936461,-37.790969],[144.936465,-37.790961],[144.936468,-37.790952],[144.93647,-37.790943],[144.936474,-37.790936],[144.936477,-37.790927],[144.93648,-37.790918],[144.936483,-37.79091],[144.936487,-37.790901],[144.93649,-37.790893],[144.936493,-37.790885],[144.936496,-37.790876],[144.936499,-37.790867],[144.936503,-37.790859],[144.936506,-37.790851],[144.93651,-37.790842],[144.936513,-37.790834],[144.936516,-37.790826],[144.936519,-37.790817],[144.936523,-37.790809],[144.936527,-37.7908],[144.93653,-37.790791],[144.936534,-37.790783],[144.936537,-37.790775],[144.93654,-37.790766],[144.936544,-37.790758],[144.936547,-37.79075],[144.936551,-37.790741],[144.936555,-37.790733],[144.936559,-37.790725],[144.936561,-37.790716],[144.936565,-37.790708],[144.936569,-37.7907],[144.936573,-37.790691],[144.936577,-37.790683],[144.93658,-37.790675],[144.936583,-37.790666],[144.936587,-37.790658],[144.936591,-37.79065],[144.936595,-37.790641],[144.936599,-37.790633],[144.936603,-37.790624],[144.936606,-37.790616],[144.93661,-37.790608],[144.936614,-37.790599],[144.936618,-37.790591],[144.936622,-37.790583],[144.936626,-37.790574],[144.936629,-37.790566],[144.936633,-37.790558],[144.936637,-37.790549],[144.936641,-37.790542],[144.936645,-37.790533],[144.93665,-37.790525],[144.936653,-37.790517],[144.936657,-37.790508],[144.936661,-37.7905],[144.936665,-37.790492],[144.93667,-37.790484],[144.936674,-37.790476],[144.936677,-37.790467],[144.936681,-37.790459],[144.936686,-37.790451],[144.93669,-37.790442],[144.936694,-37.790435],[144.936698,-37.790426],[144.936702,-37.790418],[144.936707,-37.79041],[144.936711,-37.790401],[144.936715,-37.790394],[144.93672,-37.790385],[144.936723,-37.790377],[144.936728,-37.790369],[144.936732,-37.790361],[144.936737,-37.790352],[144.936741,-37.790344],[144.936745,-37.790336],[144.936749,-37.790328],[144.936754,-37.79032],[144.936759,-37.790312],[144.936763,-37.790304],[144.936767,-37.790296],[144.936772,-37.790287],[144.936776,-37.79028],[144.936781,-37.790272],[144.936786,-37.790263],[144.93679,-37.790256],[144.936794,-37.790247],[144.936799,-37.790239],[144.936804,-37.790231],[144.936808,-37.790223],[144.936813,-37.790215],[144.936817,-37.790207],[144.936822,-37.790199],[144.936827,-37.790191],[144.936832,-37.790183],[144.936835,-37.790174],[144.93684,-37.790167],[144.936845,-37.790158],[144.93685,-37.790151],[144.936855,-37.790143],[144.936859,-37.790135],[144.936864,-37.790127],[144.936869,-37.790119],[144.936874,-37.79011],[144.936879,-37.790103],[144.936883,-37.790095],[144.936888,-37.790087],[144.936893,-37.790079],[144.936899,-37.790071],[144.936904,-37.790063],[144.936908,-37.790055],[144.936913,-37.790047],[144.936918,-37.790039],[144.936923,-37.790031],[144.936927,-37.790023],[144.936933,-37.790016],[144.936938,-37.790007],[144.936943,-37.79],[144.936948,-37.789992],[144.936953,-37.789984],[144.936958,-37.789976],[144.936963,-37.789968],[144.936969,-37.78996],[144.936973,-37.789953],[144.936978,-37.789944],[144.936984,-37.789937],[144.936989,-37.789929],[144.936994,-37.789921],[144.936999,-37.789913],[144.937005,-37.789906],[144.93701,-37.789897],[144.937016,-37.78989],[144.93702,-37.789882],[144.937026,-37.789875],[144.937031,-37.789866],[144.937037,-37.789859],[144.937041,-37.789851],[144.937047,-37.789844],[144.937052,-37.789835],[144.937058,-37.789828],[144.937063,-37.78982],[144.937068,-37.789812],[144.937074,-37.789805],[144.93708,-37.789797],[144.937085,-37.789789],[144.93709,-37.789781],[144.937096,-37.789774],[144.937102,-37.789766],[144.937107,-37.789759],[144.937112,-37.789751],[144.937118,-37.789743],[144.937124,-37.789735],[144.93713,-37.789727],[144.937134,-37.78972],[144.93714,-37.789712],[144.937146,-37.789705],[144.937152,-37.789697],[144.937157,-37.789689],[144.937163,-37.789682],[144.937169,-37.789674],[144.937175,-37.789667],[144.93718,-37.789659],[144.937186,-37.789652],[144.937192,-37.789644],[144.937198,-37.789636],[144.937203,-37.789629],[144.937209,-37.789621],[144.937215,-37.789614],[144.937221,-37.789606],[144.937226,-37.789598],[144.937232,-37.789591],[144.937238,-37.789583],[144.937243,-37.789576],[144.93725,-37.789569],[144.937256,-37.789561],[144.937262,-37.789554],[144.937267,-37.789546],[144.937273,-37.789538],[144.93728,-37.789531],[144.937286,-37.789524],[144.937291,-37.789516],[144.937297,-37.789509],[144.937304,-37.789501],[144.93731,-37.789494],[144.937315,-37.789487],[144.937322,-37.789479],[144.937328,-37.789472],[144.937334,-37.789464],[144.93734,-37.789457],[144.937346,-37.78945],[144.937353,-37.789442],[144.937358,-37.789435],[144.937365,-37.789428],[144.937371,-37.78942],[144.937378,-37.789412],[144.937383,-37.789406],[144.93739,-37.789398],[144.937396,-37.789391],[144.937402,-37.789384],[144.937408,-37.789376],[144.937415,-37.789369],[144.937421,-37.789362],[144.937427,-37.789354],[144.937434,-37.789347],[144.93744,-37.78934],[144.937446,-37.789333],[144.937453,-37.789325],[144.937459,-37.789318],[144.937466,-37.789311],[144.937472,-37.789303],[144.937478,-37.789296],[144.937485,-37.789289],[144.937491,-37.789282],[144.937498,-37.789274],[144.937505,-37.789268],[144.937511,-37.78926],[144.937517,-37.789253],[144.937524,-37.789246],[144.937531,-37.789239],[144.937537,-37.789232],[144.937544,-37.789224],[144.93755,-37.789218],[144.937557,-37.789211],[144.937563,-37.789203],[144.93757,-37.789196],[144.937577,-37.789189],[144.937583,-37.789182],[144.93759,-37.789175],[144.937597,-37.789168],[144.937604,-37.789161],[144.93761,-37.789154],[144.937617,-37.789147],[144.937624,-37.789139],[144.93763,-37.789133],[144.937637,-37.789126],[144.937645,-37.789119],[144.937651,-37.789112],[144.937658,-37.789104],[144.937665,-37.789098],[144.937671,-37.789091],[144.937678,-37.789084],[144.937686,-37.789077],[144.937693,-37.78907],[144.937699,-37.789063],[144.937706,-37.789056],[144.937713,-37.789049],[144.93772,-37.789042],[144.937727,-37.789035],[144.937734,-37.789029],[144.937741,-37.789022],[144.937748,-37.789015],[144.937755,-37.789008],[144.937762,-37.789001],[144.937769,-37.788994],[144.937776,-37.788987],[144.937784,-37.78898],[144.93779,-37.788973],[144.937798,-37.788966],[144.937805,-37.78896],[144.937811,-37.788953],[144.937819,-37.788947],[144.937826,-37.78894],[144.932171,-37.788335],[144.931718,-37.788398],[144.929471,-37.788157],[144.922463,-37.787402],[144.921495,-37.78745],[144.921483,-37.78745],[144.921309,-37.787459],[144.921721,-37.787888],[144.92281,-37.789041],[144.922908,-37.789134],[144.922819,-37.78919],[144.92066,-37.790548],[144.913872,-37.794767],[144.912948,-37.795156],[144.913043,-37.795202],[144.913059,-37.795211],[144.913677,-37.795515],[144.914379,-37.795911],[144.915006,-37.796287],[144.915429,-37.796583],[144.915486,-37.796625],[144.915716,-37.796786],[144.915893,-37.796963],[144.915918,-37.796988],[144.916137,-37.79724],[144.916303,-37.797479],[144.916399,-37.797739],[144.916466,-37.79789],[144.916494,-37.797976],[144.916504,-37.798071],[144.91649,-37.798168],[144.916478,-37.798256],[144.917541,-37.798415],[144.917719,-37.798418],[144.918005,-37.798422],[144.918183,-37.798439],[144.919768,-37.798661],[144.922818,-37.799125]]]},"properties":{"name":"Kensington","canopy":14.71969968}},{"type":"Feature","geometry":{"type":"Polygon","coordinates":[[[144.907495,-37.843265],[144.907821,-37.843199],[144.908249,-37.844526],[144.908525,-37.845001],[144.908823,-37.84486],[144.910146,-37.846618],[144.911544,-37.848476],[144.911632,-37.848594],[144.911938,-37.849],[144.91208,-37.848932],[144.912432,-37.849399],[144.912488,-37.849453],[144.912521,-37.84948],[144.912564,-37.849492],[144.912599,-37.84948],[144.912686,-37.849433],[144.912772,-37.849379],[144.912858,-37.849337],[144.912922,-37.849288],[144.91318,-37.849161],[144.913276,-37.849114],[144.913369,-37.849062],[144.913424,-37.849031],[144.913495,-37.849007],[144.913579,-37.848978],[144.9137,-37.848925],[144.913768,-37.848897],[144.913826,-37.848873],[144.913872,-37.848852],[144.913946,-37.848818],[144.914053,-37.848781],[144.914092,-37.848763],[144.914299,-37.84867],[144.914378,-37.848631],[144.914471,-37.848558],[144.91446,-37.848448],[144.914174,-37.848054],[144.913915,-37.847679],[144.913141,-37.846706],[144.912641,-37.846043],[144.912521,-37.845865],[144.912528,-37.845772],[144.912622,-37.845623],[144.912687,-37.845504],[144.913101,-37.845294],[144.913703,-37.844982],[144.914286,-37.84471],[144.914838,-37.844391],[144.914708,-37.844378],[144.914604,-37.844331],[144.914573,-37.844325],[144.914486,-37.844324],[144.91444,-37.844322],[144.914405,-37.844314],[144.914366,-37.844295],[144.914298,-37.844223],[144.914272,-37.844186],[144.914241,-37.844147],[144.914218,-37.844111],[144.914177,-37.844046],[144.914158,-37.843978],[144.914153,-37.843936],[144.914156,-37.843862],[144.914164,-37.84381],[144.914171,-37.843755],[144.91418,-37.8437],[144.91416,-37.84361],[144.914142,-37.843564],[144.914109,-37.843518],[144.914043,-37.843426],[144.914001,-37.843362],[144.913962,-37.843303],[144.91392,-37.84325],[144.913883,-37.843201],[144.913849,-37.843148],[144.913808,-37.843088],[144.913749,-37.843],[144.9137,-37.842919],[144.913661,-37.842858],[144.913608,-37.842742],[144.913557,-37.842647],[144.913502,-37.842577],[144.913446,-37.842509],[144.913407,-37.842441],[144.913352,-37.842375],[144.91327,-37.842253],[144.913267,-37.842221],[144.913333,-37.842159],[144.913339,-37.842154],[144.914101,-37.841496],[144.91514,-37.840925],[144.915319,-37.840827],[144.915895,-37.840643],[144.916097,-37.840523],[144.916325,-37.840407],[144.916598,-37.840303],[144.917297,-37.84009],[144.918111,-37.839834],[144.918386,-37.839749],[144.918514,-37.839693],[144.918729,-37.839671],[144.919495,-37.839628],[144.920688,-37.839622],[144.92274,-37.839671],[144.923631,-37.839721],[144.924127,-37.839734],[144.923936,-37.83986],[144.92411,-37.840018],[144.924255,-37.840149],[144.924311,-37.84011],[144.92435,-37.840145],[144.924385,-37.840121],[144.924421,-37.840154],[144.924483,-37.840112],[144.924493,-37.840121],[144.924504,-37.840114],[144.924561,-37.840078],[144.924584,-37.840065],[144.924632,-37.840037],[144.924667,-37.840019],[144.924705,-37.84],[144.924754,-37.839977],[144.924781,-37.839965],[144.924843,-37.839939],[144.924858,-37.839933],[144.924937,-37.839904],[144.924967,-37.839894],[144.925019,-37.839878],[144.925095,-37.839857],[144.925101,-37.839855],[144.925095,-37.839841],[144.925141,-37.83983],[144.925188,-37.839822],[144.925229,-37.839817],[144.92527,-37.839813],[144.925312,-37.839812],[144.925352,-37.839813],[144.925403,-37.839817],[144.925455,-37.839823],[144.925505,-37.839833],[144.925555,-37.839846],[144.92556,-37.839866],[144.925634,-37.839854],[144.925919,-37.839887],[144.926094,-37.839923],[144.926284,-37.839999],[144.926458,-37.840064],[144.926662,-37.840102],[144.926796,-37.840123],[144.926823,-37.84013],[144.926843,-37.840132],[144.926883,-37.840136],[144.926943,-37.83996],[144.927595,-37.840125],[144.927613,-37.840126],[144.92764,-37.840132],[144.927661,-37.840137],[144.928026,-37.840211],[144.928569,-37.840323],[144.92898,-37.84041],[144.929319,-37.840485],[144.929593,-37.840543],[144.929819,-37.84059],[144.930045,-37.840641],[144.930164,-37.840658],[144.930317,-37.840695],[144.930458,-37.840724],[144.930699,-37.840776],[144.930903,-37.840849],[144.931123,-37.840927],[144.931294,-37.840978],[144.931393,-37.841022],[144.931408,-37.841089],[144.931528,-37.84122],[144.93163,-37.841289],[144.931744,-37.841334],[144.931819,-37.841364],[144.932522,-37.84179],[144.932634,-37.841748],[144.932898,-37.84171],[144.933089,-37.841719],[144.933188,-37.841732],[144.933278,-37.841748],[144.933396,-37.841768],[144.933513,-37.841776],[144.933688,-37.841791],[144.93391,-37.841816],[144.934016,-37.841832],[144.934125,-37.841856],[144.934199,-37.841873],[144.934564,-37.841955],[144.934651,-37.84198],[144.934688,-37.84199],[144.934725,-37.841999],[144.934801,-37.842016],[144.934954,-37.842047],[144.93508,-37.842075],[144.93513,-37.842088],[144.93518,-37.842102],[144.935198,-37.842108],[144.935214,-37.842116],[144.935224,-37.842123],[144.935234,-37.842133],[144.935243,-37.842146],[144.93525,-37.842159],[144.935263,-37.842184],[144.935272,-37.842203],[144.935294,-37.842261],[144.935307,-37.842286],[144.935316,-37.8423],[144.935326,-37.842312],[144.935337,-37.842323],[144.935362,-37.842343],[144.935418,-37.84238],[144.935464,-37.842412],[144.93548,-37.842421],[144.935491,-37.842424],[144.935538,-37.842436],[144.93563,-37.842456],[144.935676,-37.842466],[144.935729,-37.84248],[144.935844,-37.842513],[144.935906,-37.842532],[144.935948,-37.842546],[144.936024,-37.842575],[144.936058,-37.84259],[144.93608,-37.842601],[144.936095,-37.842611],[144.936109,-37.842622],[144.936135,-37.842646],[144.936177,-37.84269],[144.936193,-37.842703],[144.936282,-37.842765],[144.936642,-37.843009],[144.9367,-37.84305],[144.936764,-37.843094],[144.936926,-37.843206],[144.937071,-37.843286],[144.937126,-37.843359],[144.937121,-37.843556],[144.937051,-37.843619],[144.937106,-37.843665],[144.937083,-37.843692],[144.93735,-37.843886],[144.93749,-37.843762],[144.937523,-37.84379],[144.937596,-37.843724],[144.938009,-37.843906],[144.938155,-37.843954],[144.938588,-37.844178],[144.938659,-37.844215],[144.939029,-37.844349],[144.939149,-37.844427],[144.939238,-37.844482],[144.939329,-37.844537],[144.939426,-37.844591],[144.939472,-37.844618],[144.939515,-37.844648],[144.939531,-37.844661],[144.939546,-37.844674],[144.939574,-37.844701],[144.939592,-37.844721],[144.939608,-37.844741],[144.93965,-37.844788],[144.939664,-37.844822],[144.939679,-37.844856],[144.939691,-37.844878],[144.939705,-37.844903],[144.93972,-37.844927],[144.93983,-37.845095],[144.939844,-37.845121],[144.939851,-37.845139],[144.939854,-37.845149],[144.939855,-37.845161],[144.939855,-37.845193],[144.939854,-37.845224],[144.939895,-37.845265],[144.940029,-37.845336],[144.940165,-37.845403],[144.940218,-37.845429],[144.940273,-37.845451],[144.940368,-37.845478],[144.940463,-37.845505],[144.940667,-37.845567],[144.940872,-37.845628],[144.941091,-37.845683],[144.941288,-37.845739],[144.941559,-37.845814],[144.941635,-37.84584],[144.941689,-37.845867],[144.941852,-37.845969],[144.94191,-37.846007],[144.941971,-37.846042],[144.942072,-37.846075],[144.942176,-37.846099],[144.942332,-37.846144],[144.942488,-37.84619],[144.942519,-37.8462],[144.942519,-37.8462],[144.942529,-37.846203],[144.942565,-37.846215],[144.942595,-37.846227],[144.94262,-37.84624],[144.943361,-37.845436],[144.943476,-37.845313],[144.945574,-37.843045],[144.945592,-37.842879],[144.946495,-37.840992],[144.948841,-37.836093],[144.949756,-37.834098],[144.947755,-37.832313],[144.946439,-37.83115],[144.946176,-37.830989],[144.94195,-37.827336],[144.941949,-37.827336],[144.940447,-37.826038],[144.940342,-37.825947],[144.939553,-37.825265],[144.937709,-37.823672],[144.937694,-37.823659],[144.937759,-37.823467],[144.937868,-37.82304],[144.936903,-37.822846],[144.936819,-37.82283],[144.936709,-37.822808],[144.936222,-37.82271],[144.93276,-37.82198],[144.931631,-37.821742],[144.931558,-37.82181],[144.930714,-37.821633],[144.928547,-37.821177],[144.924744,-37.820763],[144.920619,-37.820811],[144.920056,-37.818967],[144.919873,-37.818982],[144.919436,-37.819023],[144.918999,-37.819069],[144.918548,-37.819122],[144.918098,-37.819182],[144.91751,-37.819269],[144.916925,-37.819363],[144.916397,-37.819457],[144.915871,-37.819558],[144.915337,-37.819668],[144.914806,-37.819786],[144.914112,-37.81995],[144.913423,-37.820127],[144.91276,-37.820308],[144.912104,-37.820503],[144.911577,-37.820669],[144.911053,-37.820837],[144.910889,-37.820891],[144.910727,-37.820945],[144.910551,-37.821001],[144.910386,-37.821053],[144.910057,-37.821156],[144.909728,-37.821259],[144.909441,-37.821341],[144.909151,-37.821413],[144.908844,-37.821482],[144.908537,-37.82155],[144.908196,-37.821637],[144.907859,-37.82173],[144.907572,-37.821821],[144.907289,-37.821924],[144.906866,-37.8221],[144.906454,-37.822295],[144.906149,-37.822456],[144.905854,-37.822631],[144.905534,-37.822821],[144.905475,-37.822879],[144.905463,-37.822889],[144.905448,-37.822902],[144.905412,-37.822927],[144.905393,-37.822941],[144.905371,-37.822958],[144.905324,-37.822994],[144.905223,-37.823074],[144.904279,-37.823859],[144.903029,-37.824909],[144.901862,-37.825896],[144.90083,-37.82681],[144.899331,-37.828436],[144.897847,-37.830604],[144.897262,-37.832494],[144.896981,-37.834635],[144.897033,-37.837484],[144.897034,-37.83755],[144.897085,-37.838164],[144.897085,-37.838165],[144.897093,-37.838254],[144.897106,-37.838342],[144.897106,-37.838343],[144.89732,-37.839759],[144.897657,-37.840715],[144.897658,-37.840717],[144.897716,-37.840882],[144.897718,-37.840889],[144.897873,-37.841328],[144.898732,-37.842789],[144.900072,-37.844345],[144.901336,-37.845629],[144.902751,-37.847071],[144.903634,-37.847761],[144.904417,-37.848372],[144.90621,-37.849632],[144.906858,-37.84969],[144.907251,-37.849541],[144.907269,-37.849457],[144.906878,-37.849111],[144.906559,-37.848768],[144.906196,-37.848427],[144.90599,-37.848229],[144.90581,-37.848012],[144.905789,-37.847886],[144.905608,-37.847819],[144.905447,-37.847627],[144.905444,-37.847488],[144.905821,-37.847239],[144.906139,-37.847023],[144.906326,-37.846876],[144.906311,-37.846799],[144.906167,-37.846621],[144.90604,-37.84635],[144.905835,-37.846031],[144.905667,-37.845716],[144.905456,-37.845372],[144.905188,-37.844937],[144.904987,-37.844586],[144.904922,-37.844464],[144.904856,-37.844216],[144.904635,-37.843977],[144.904383,-37.843586],[144.904165,-37.843212],[144.903978,-37.842877],[144.9038,-37.842572],[144.903532,-37.842129],[144.903366,-37.841775],[144.903155,-37.841432],[144.903371,-37.841112],[144.903428,-37.841028],[144.903954,-37.840829],[144.904224,-37.840656],[144.904675,-37.840467],[144.905196,-37.840257],[144.905461,-37.84019],[144.905739,-37.840237],[144.90587,-37.840507],[144.905919,-37.840599],[144.906136,-37.840591],[144.906705,-37.841548],[144.906525,-37.841615],[144.907495,-37.843265]]]},"properties":{"name":"PORT MELBOURNE","canopy":10.62377077}},{"type":"Feature","geometry":{"type":"Polygon","coordinates":[[[144.953764,-37.823626],[144.954534,-37.8235],[144.955279,-37.823343],[144.955406,-37.823306],[144.95552,-37.823266],[144.955632,-37.823223],[144.955754,-37.823173],[144.955816,-37.823148],[144.955992,-37.823079],[144.951435,-37.813166],[144.950328,-37.813479],[144.948111,-37.811534],[144.947823,-37.810956],[144.947699,-37.811032],[144.947587,-37.810897],[144.947387,-37.810974],[144.947059,-37.811099],[144.946944,-37.811143],[144.945986,-37.811509],[144.945873,-37.811552],[144.944536,-37.812062],[144.944458,-37.812092],[144.943452,-37.812475],[144.943355,-37.812499],[144.943097,-37.812449],[144.942748,-37.812245],[144.942491,-37.812096],[144.940874,-37.811154],[144.940669,-37.811037],[144.940502,-37.810944],[144.94006,-37.810713],[144.939574,-37.81048],[144.939077,-37.810263],[144.938569,-37.810062],[144.938051,-37.809877],[144.937524,-37.809709],[144.936989,-37.809558],[144.936754,-37.809497],[144.936689,-37.809481],[144.936624,-37.809465],[144.936559,-37.80945],[144.936551,-37.809448],[144.936251,-37.80938],[144.935948,-37.809317],[144.935754,-37.80928],[144.935643,-37.80926],[144.935586,-37.809249],[144.935584,-37.809249],[144.935513,-37.809588],[144.935443,-37.809927],[144.93537,-37.809914],[144.935281,-37.809899],[144.935191,-37.809884],[144.934885,-37.809838],[144.934478,-37.812298],[144.93443,-37.812588],[144.934363,-37.812681],[144.933714,-37.813591],[144.933471,-37.813931],[144.933342,-37.814019],[144.933067,-37.814281],[144.932849,-37.814536],[144.932742,-37.814664],[144.932627,-37.814788],[144.932557,-37.814852],[144.932483,-37.814912],[144.932403,-37.814968],[144.932341,-37.815006],[144.932275,-37.815042],[144.932207,-37.815075],[144.932136,-37.815103],[144.932109,-37.815116],[144.931803,-37.815187],[144.931502,-37.815273],[144.931286,-37.815347],[144.93107,-37.815422],[144.930828,-37.8155],[144.930583,-37.815576],[144.930278,-37.815659],[144.929974,-37.815742],[144.929735,-37.81581],[144.929496,-37.81588],[144.929267,-37.81595],[144.929041,-37.816023],[144.929031,-37.81603],[144.928928,-37.816063],[144.928824,-37.816096],[144.928692,-37.816141],[144.92856,-37.816188],[144.928532,-37.816195],[144.928505,-37.816202],[144.928477,-37.816207],[144.928448,-37.81621],[144.928419,-37.816213],[144.928347,-37.816216],[144.928274,-37.816213],[144.928001,-37.816244],[144.927728,-37.816275],[144.927277,-37.816331],[144.926827,-37.816392],[144.926413,-37.816457],[144.926007,-37.816541],[144.925688,-37.816625],[144.925379,-37.816729],[144.925201,-37.816803],[144.925031,-37.816887],[144.924836,-37.817016],[144.92464,-37.817144],[144.9244,-37.817295],[144.924164,-37.817449],[144.924064,-37.817524],[144.92397,-37.817604],[144.923883,-37.817689],[144.92363,-37.817949],[144.923359,-37.818215],[144.923096,-37.818485],[144.923,-37.818595],[144.922902,-37.818704],[144.922836,-37.818771],[144.922767,-37.81884],[144.92268,-37.818842],[144.921667,-37.818866],[144.921237,-37.818884],[144.920807,-37.818907],[144.920348,-37.818943],[144.920056,-37.818967],[144.920619,-37.820811],[144.924744,-37.820763],[144.928547,-37.821177],[144.930714,-37.821633],[144.931558,-37.82181],[144.931631,-37.821742],[144.93276,-37.82198],[144.936222,-37.82271],[144.936709,-37.822808],[144.936819,-37.82283],[144.936903,-37.822846],[144.937868,-37.82304],[144.937759,-37.823467],[144.937694,-37.823659],[144.937709,-37.823672],[144.939553,-37.825265],[144.940342,-37.825947],[144.940584,-37.825949],[144.941112,-37.825952],[144.941164,-37.826024],[144.941202,-37.826012],[144.941393,-37.825985],[144.941421,-37.825981],[144.941512,-37.825971],[144.941703,-37.825957],[144.94208,-37.825976],[144.942823,-37.826053],[144.945276,-37.826484],[144.945593,-37.8265],[144.946188,-37.826605],[144.946202,-37.826608],[144.946255,-37.826622],[144.946307,-37.826639],[144.946357,-37.826659],[144.946404,-37.826683],[144.946425,-37.826696],[144.946449,-37.826712],[144.946541,-37.826784],[144.94694,-37.826807],[144.947436,-37.826835],[144.94813,-37.826911],[144.94813,-37.82691],[144.948135,-37.826881],[144.948524,-37.826926],[144.949115,-37.827018],[144.949147,-37.827023],[144.949165,-37.826916],[144.948165,-37.826761],[144.948182,-37.826691],[144.947516,-37.826618],[144.947635,-37.826491],[144.9479,-37.826206],[144.948046,-37.82605],[144.948658,-37.826233],[144.948701,-37.826114],[144.948826,-37.826144],[144.948839,-37.826117],[144.948867,-37.826059],[144.9487,-37.825948],[144.948538,-37.825711],[144.948538,-37.82571],[144.948609,-37.825373],[144.948581,-37.824699],[144.9485,-37.824394],[144.948506,-37.824393],[144.948502,-37.824376],[144.948496,-37.824377],[144.948476,-37.824303],[144.948466,-37.824302],[144.948426,-37.824151],[144.948405,-37.82407],[144.948404,-37.824067],[144.948349,-37.82384],[144.948344,-37.823812],[144.948339,-37.823784],[144.948335,-37.823756],[144.948331,-37.823728],[144.948329,-37.8237],[144.948327,-37.823672],[144.948325,-37.823649],[144.948324,-37.823626],[144.948323,-37.823603],[144.948324,-37.82358],[144.948325,-37.823558],[144.948327,-37.823535],[144.94833,-37.823512],[144.948334,-37.823489],[144.948338,-37.823467],[144.948344,-37.823444],[144.94835,-37.823422],[144.948357,-37.8234],[144.948364,-37.823378],[144.948371,-37.823361],[144.949073,-37.823448],[144.94961,-37.823516],[144.950162,-37.823574],[144.95086,-37.823623],[144.951534,-37.823641],[144.951784,-37.823638],[144.952022,-37.823643],[144.95226,-37.823666],[144.952485,-37.823696],[144.95273,-37.82372],[144.952966,-37.823734],[144.953048,-37.823732],[144.953163,-37.823724],[144.953228,-37.823716],[144.953358,-37.823699],[144.953764,-37.823626]]]},"properties":{"name":"Docklands","canopy":5.407247969999999}},{"type":"Feature","geometry":{"type":"Polygon","coordinates":[[[144.927728,-37.816275],[144.928001,-37.816244],[144.928274,-37.816213],[144.928347,-37.816216],[144.928419,-37.816213],[144.928448,-37.81621],[144.928477,-37.816207],[144.928505,-37.816202],[144.928532,-37.816195],[144.92856,-37.816188],[144.928692,-37.816141],[144.928824,-37.816096],[144.928928,-37.816063],[144.929031,-37.81603],[144.929041,-37.816023],[144.929267,-37.81595],[144.929496,-37.81588],[144.929735,-37.81581],[144.929974,-37.815742],[144.930278,-37.815659],[144.930583,-37.815576],[144.930828,-37.8155],[144.93107,-37.815422],[144.931286,-37.815347],[144.931502,-37.815273],[144.931803,-37.815187],[144.932109,-37.815116],[144.932136,-37.815103],[144.932207,-37.815075],[144.932275,-37.815042],[144.932341,-37.815006],[144.932403,-37.814968],[144.932483,-37.814912],[144.932557,-37.814852],[144.932627,-37.814788],[144.932742,-37.814664],[144.932849,-37.814536],[144.933067,-37.814281],[144.933342,-37.814019],[144.933471,-37.813931],[144.933714,-37.813591],[144.934363,-37.812681],[144.93443,-37.812588],[144.934478,-37.812298],[144.934885,-37.809838],[144.935191,-37.809884],[144.935281,-37.809899],[144.93537,-37.809914],[144.935443,-37.809927],[144.935513,-37.809588],[144.935584,-37.809249],[144.935586,-37.809249],[144.935643,-37.80926],[144.935754,-37.80928],[144.935948,-37.809317],[144.936251,-37.80938],[144.936551,-37.809448],[144.936559,-37.80945],[144.936624,-37.809465],[144.936689,-37.809481],[144.936754,-37.809497],[144.936989,-37.809558],[144.937524,-37.809709],[144.938051,-37.809877],[144.938569,-37.810062],[144.939077,-37.810263],[144.939574,-37.81048],[144.94006,-37.810713],[144.940502,-37.810944],[144.940669,-37.811037],[144.940874,-37.811154],[144.942491,-37.812096],[144.942748,-37.812245],[144.943097,-37.812449],[144.943355,-37.812499],[144.943452,-37.812475],[144.944458,-37.812092],[144.944536,-37.812062],[144.945873,-37.811552],[144.945986,-37.811509],[144.946944,-37.811143],[144.947059,-37.811099],[144.947387,-37.810974],[144.947587,-37.810897],[144.947699,-37.811032],[144.947823,-37.810956],[144.948111,-37.811534],[144.950328,-37.813479],[144.951435,-37.813166],[144.956446,-37.811754],[144.955393,-37.809487],[144.95546,-37.809089],[144.955994,-37.805879],[144.953596,-37.805615],[144.950625,-37.805279],[144.945153,-37.804711],[144.943223,-37.804487],[144.942073,-37.804368],[144.941909,-37.804322],[144.935473,-37.803673],[144.93546,-37.803651],[144.935444,-37.803623],[144.935427,-37.803595],[144.935417,-37.803576],[144.935406,-37.803557],[144.935396,-37.803539],[144.935386,-37.803521],[144.935373,-37.803497],[144.935358,-37.803475],[144.935345,-37.803456],[144.935333,-37.803437],[144.935328,-37.803427],[144.935323,-37.803418],[144.935314,-37.8034],[144.935302,-37.80338],[144.935289,-37.803362],[144.935279,-37.803336],[144.935281,-37.803301],[144.935284,-37.80326],[144.935287,-37.803219],[144.935289,-37.8032],[144.935292,-37.803181],[144.935298,-37.803156],[144.935301,-37.803144],[144.935306,-37.803131],[144.935312,-37.80312],[144.935318,-37.803109],[144.935326,-37.803092],[144.935334,-37.803074],[144.935347,-37.803052],[144.935351,-37.803045],[144.935357,-37.803038],[144.935363,-37.803031],[144.935391,-37.803004],[144.935418,-37.802977],[144.935448,-37.802945],[144.935478,-37.802914],[144.935519,-37.802881],[144.935589,-37.802851],[144.935589,-37.802822],[144.935618,-37.802796],[144.935632,-37.802756],[144.935706,-37.802718],[144.935726,-37.8027],[144.935745,-37.802682],[144.935771,-37.80266],[144.935787,-37.802644],[144.935804,-37.802628],[144.935827,-37.802608],[144.935852,-37.802588],[144.935871,-37.802559],[144.935893,-37.802532],[144.935917,-37.802506],[144.93594,-37.80248],[144.93596,-37.802455],[144.935979,-37.802429],[144.93601,-37.802392],[144.936035,-37.802362],[144.934658,-37.801682],[144.933982,-37.801402],[144.93382,-37.801338],[144.933363,-37.80117],[144.932957,-37.801024],[144.932947,-37.80102],[144.932936,-37.801017],[144.932927,-37.801014],[144.932916,-37.801011],[144.932907,-37.801007],[144.932896,-37.801004],[144.932887,-37.801],[144.932876,-37.800997],[144.932866,-37.800993],[144.932856,-37.80099],[144.932846,-37.800986],[144.932836,-37.800983],[144.932826,-37.800979],[144.932816,-37.800976],[144.932806,-37.800973],[144.932796,-37.800969],[144.932786,-37.800966],[144.932776,-37.800963],[144.932766,-37.80096],[144.932756,-37.800957],[144.932746,-37.800953],[144.932735,-37.80095],[144.932726,-37.800945],[144.932715,-37.800943],[144.932706,-37.80094],[144.932695,-37.800936],[144.932686,-37.800933],[144.932675,-37.80093],[144.932666,-37.800926],[144.932655,-37.800923],[144.932646,-37.80092],[144.932635,-37.800916],[144.932625,-37.800913],[144.932615,-37.80091],[144.932605,-37.800906],[144.932595,-37.800903],[144.932584,-37.8009],[144.932575,-37.800897],[144.932564,-37.800893],[144.932555,-37.80089],[144.932544,-37.800887],[144.932535,-37.800884],[144.932524,-37.800881],[144.932515,-37.800877],[144.932504,-37.800874],[144.932493,-37.800871],[144.932484,-37.800868],[144.932473,-37.800865],[144.932464,-37.800861],[144.932453,-37.800858],[144.932444,-37.800855],[144.932433,-37.800852],[144.932423,-37.800849],[144.932413,-37.800846],[144.932403,-37.800842],[144.932393,-37.800839],[144.932383,-37.800836],[144.932372,-37.800833],[144.932362,-37.80083],[144.932352,-37.800827],[144.932341,-37.800823],[144.932332,-37.80082],[144.932321,-37.800817],[144.932312,-37.800814],[144.932301,-37.800811],[144.932291,-37.800808],[144.932281,-37.800804],[144.932271,-37.800801],[144.93226,-37.800798],[144.932251,-37.800795],[144.93224,-37.800792],[144.93223,-37.800789],[144.93222,-37.800786],[144.932209,-37.800783],[144.9322,-37.80078],[144.932189,-37.800777],[144.932179,-37.800774],[144.932169,-37.800771],[144.932159,-37.800768],[144.932148,-37.800765],[144.932139,-37.800762],[144.932118,-37.800756],[144.932108,-37.800753],[144.932098,-37.80075],[144.932087,-37.800747],[144.932077,-37.800744],[144.932067,-37.800741],[144.932056,-37.800738],[144.932047,-37.800734],[144.932045,-37.800734],[144.932036,-37.800732],[144.932026,-37.800729],[144.932016,-37.800726],[144.932006,-37.800723],[144.931995,-37.80072],[144.931985,-37.800717],[144.93198,-37.800715],[144.931975,-37.800714],[144.931965,-37.800711],[144.931955,-37.800709],[144.931954,-37.800708],[144.931944,-37.800706],[144.931934,-37.800703],[144.931913,-37.800696],[144.931903,-37.800693],[144.931893,-37.80069],[144.931882,-37.800688],[144.931873,-37.800685],[144.931862,-37.800682],[144.931852,-37.800679],[144.931841,-37.800676],[144.931832,-37.800674],[144.931821,-37.800671],[144.931811,-37.800668],[144.9318,-37.800665],[144.93179,-37.800661],[144.93178,-37.800658],[144.931769,-37.800656],[144.931759,-37.800653],[144.931749,-37.80065],[144.931739,-37.800648],[144.931728,-37.800645],[144.931718,-37.800642],[144.931708,-37.800639],[144.931698,-37.800636],[144.931687,-37.800633],[144.931677,-37.800631],[144.931667,-37.800628],[144.931657,-37.800625],[144.931646,-37.800623],[144.931636,-37.80062],[144.931625,-37.800617],[144.931615,-37.800614],[144.931605,-37.800611],[144.931594,-37.800608],[144.931584,-37.800606],[144.931573,-37.800603],[144.931564,-37.8006],[144.931553,-37.800598],[144.931543,-37.800595],[144.931532,-37.800592],[144.931522,-37.800589],[144.931512,-37.800587],[144.931502,-37.800584],[144.931491,-37.800581],[144.931481,-37.800579],[144.93147,-37.800575],[144.93146,-37.800573],[144.93145,-37.80057],[144.931439,-37.800568],[144.931429,-37.800565],[144.931418,-37.800563],[144.931408,-37.80056],[144.931398,-37.800557],[144.931388,-37.800554],[144.931377,-37.800551],[144.931367,-37.800549],[144.931356,-37.800547],[144.931346,-37.800544],[144.931336,-37.800541],[144.931326,-37.800538],[144.931315,-37.800536],[144.931305,-37.800533],[144.931294,-37.800531],[144.931284,-37.800528],[144.931273,-37.800525],[144.931263,-37.800523],[144.931253,-37.80052],[144.931242,-37.800518],[144.931232,-37.800515],[144.931221,-37.800512],[144.931211,-37.80051],[144.9312,-37.800506],[144.93119,-37.800505],[144.93118,-37.800502],[144.93117,-37.800499],[144.931159,-37.800497],[144.931149,-37.800495],[144.931138,-37.800492],[144.931128,-37.80049],[144.931117,-37.800487],[144.931107,-37.800484],[144.931097,-37.800482],[144.931086,-37.80048],[144.931076,-37.800477],[144.931065,-37.800474],[144.931055,-37.800472],[144.931044,-37.80047],[144.931034,-37.800467],[144.931023,-37.800464],[144.931002,-37.80046],[144.930992,-37.800457],[144.930982,-37.800455],[144.930972,-37.800452],[144.930961,-37.80045],[144.930951,-37.800447],[144.93094,-37.800445],[144.93093,-37.800442],[144.930919,-37.80044],[144.930909,-37.800438],[144.930898,-37.800435],[144.930888,-37.800432],[144.930877,-37.80043],[144.930866,-37.800428],[144.930856,-37.800426],[144.930845,-37.800423],[144.930835,-37.800421],[144.930825,-37.800419],[144.930815,-37.800416],[144.930804,-37.800413],[144.930794,-37.800411],[144.930783,-37.800409],[144.930773,-37.800407],[144.930762,-37.800404],[144.930752,-37.800402],[144.930741,-37.800399],[144.930731,-37.800397],[144.93072,-37.800395],[144.93071,-37.800393],[144.930699,-37.800391],[144.930689,-37.800388],[144.930678,-37.800385],[144.930668,-37.800383],[144.930657,-37.800381],[144.930646,-37.800378],[144.930636,-37.800376],[144.930625,-37.800374],[144.930615,-37.800372],[144.930604,-37.800369],[144.930594,-37.800367],[144.930583,-37.800365],[144.925476,-37.7996],[144.92358,-37.799337],[144.923159,-37.799225],[144.922818,-37.799125],[144.919768,-37.798661],[144.918183,-37.798439],[144.918005,-37.798422],[144.917719,-37.798418],[144.917541,-37.798415],[144.916478,-37.798256],[144.916465,-37.798344],[144.916465,-37.798346],[144.916448,-37.798462],[144.916408,-37.798646],[144.916332,-37.798834],[144.916223,-37.799035],[144.916085,-37.799217],[144.915974,-37.799337],[144.915874,-37.79942],[144.9158,-37.799532],[144.915717,-37.799616],[144.915663,-37.799669],[144.915413,-37.799921],[144.915347,-37.799983],[144.915268,-37.800045],[144.915171,-37.800102],[144.91509,-37.800141],[144.914988,-37.80018],[144.914811,-37.800217],[144.914759,-37.800225],[144.914702,-37.800229],[144.914588,-37.800231],[144.914314,-37.800226],[144.914196,-37.800206],[144.914081,-37.800173],[144.913945,-37.800112],[144.913843,-37.800042],[144.913715,-37.799954],[144.913597,-37.799867],[144.913484,-37.799766],[144.913426,-37.799725],[144.913134,-37.799581],[144.91304,-37.799551],[144.912901,-37.79953],[144.912735,-37.799523],[144.91251,-37.799541],[144.912359,-37.799562],[144.912145,-37.7996],[144.911902,-37.799658],[144.911779,-37.79969],[144.91153,-37.799781],[144.911318,-37.799867],[144.911302,-37.799876],[144.911159,-37.79995],[144.911058,-37.800011],[144.910981,-37.800068],[144.910923,-37.800121],[144.910476,-37.800582],[144.910403,-37.800653],[144.91036,-37.800702],[144.910314,-37.80075],[144.91026,-37.800812],[144.910223,-37.800861],[144.910185,-37.800906],[144.910177,-37.800919],[144.910167,-37.800932],[144.910101,-37.801012],[144.909854,-37.801382],[144.90922,-37.80247],[144.908695,-37.803547],[144.908153,-37.80483],[144.90779,-37.805702],[144.907506,-37.806252],[144.907365,-37.80674],[144.906378,-37.809016],[144.906257,-37.810046],[144.905762,-37.811691],[144.905496,-37.813074],[144.905455,-37.814639],[144.905522,-37.815203],[144.905523,-37.815207],[144.905533,-37.815295],[144.905554,-37.815382],[144.905882,-37.816727],[144.906298,-37.818441],[144.906507,-37.819599],[144.906652,-37.820825],[144.906413,-37.821652],[144.906017,-37.822304],[144.90577,-37.822568],[144.9056,-37.82275],[144.905545,-37.822809],[144.905534,-37.822821],[144.905854,-37.822631],[144.906149,-37.822456],[144.906454,-37.822295],[144.906866,-37.8221],[144.907289,-37.821924],[144.907572,-37.821821],[144.907859,-37.82173],[144.908196,-37.821637],[144.908537,-37.82155],[144.908844,-37.821482],[144.909151,-37.821413],[144.909441,-37.821341],[144.909728,-37.821259],[144.910057,-37.821156],[144.910386,-37.821053],[144.910551,-37.821001],[144.910727,-37.820945],[144.910889,-37.820891],[144.911053,-37.820837],[144.911577,-37.820669],[144.912104,-37.820503],[144.91276,-37.820308],[144.913423,-37.820127],[144.914112,-37.81995],[144.914806,-37.819786],[144.915337,-37.819668],[144.915871,-37.819558],[144.916397,-37.819457],[144.916925,-37.819363],[144.91751,-37.819269],[144.918098,-37.819182],[144.918548,-37.819122],[144.918999,-37.819069],[144.919436,-37.819023],[144.919873,-37.818982],[144.920056,-37.818967],[144.920348,-37.818943],[144.920807,-37.818907],[144.921237,-37.818884],[144.921667,-37.818866],[144.92268,-37.818842],[144.922767,-37.81884],[144.922836,-37.818771],[144.922902,-37.818704],[144.923,-37.818595],[144.923096,-37.818485],[144.923359,-37.818215],[144.92363,-37.817949],[144.923883,-37.817689],[144.92397,-37.817604],[144.924064,-37.817524],[144.924164,-37.817449],[144.9244,-37.817295],[144.92464,-37.817144],[144.924836,-37.817016],[144.925031,-37.816887],[144.925201,-37.816803],[144.925379,-37.816729],[144.925688,-37.816625],[144.926007,-37.816541],[144.926413,-37.816457],[144.926827,-37.816392],[144.927277,-37.816331],[144.927728,-37.816275]]]},"properties":{"name":"West Melbourne","canopy":7.74984537}},{"type":"Feature","geometry":{"type":"Polygon","coordinates":[[[144.960036,-37.791071],[144.960192,-37.791209],[144.960316,-37.791307],[144.960492,-37.791429],[144.960632,-37.791514],[144.960775,-37.791594],[144.960969,-37.791688],[144.961077,-37.791733],[144.961235,-37.791795],[144.961398,-37.791849],[144.961562,-37.791896],[144.961683,-37.791896],[144.961856,-37.791901],[144.962028,-37.791913],[144.962199,-37.791933],[144.96237,-37.791959],[144.962538,-37.791992],[144.962704,-37.792031],[144.962867,-37.792079],[144.963026,-37.792132],[144.963182,-37.792192],[144.963334,-37.792258],[144.963481,-37.792329],[144.963623,-37.792408],[144.963759,-37.792492],[144.96389,-37.792581],[144.963983,-37.792651],[144.964109,-37.79273],[144.96424,-37.792804],[144.964375,-37.792872],[144.964515,-37.792935],[144.964658,-37.792992],[144.964806,-37.793043],[144.964956,-37.793089],[144.965109,-37.793128],[144.965205,-37.793147],[144.965207,-37.793148],[144.965264,-37.79316],[144.965421,-37.793187],[144.96558,-37.793206],[144.965739,-37.793219],[144.9659,-37.793226],[144.966061,-37.793226],[144.966221,-37.793218],[144.966644,-37.79318],[144.966732,-37.793168],[144.966733,-37.793168],[144.966851,-37.793149],[144.966986,-37.79312],[144.967118,-37.793083],[144.967214,-37.793051],[144.967308,-37.793014],[144.967431,-37.79296],[144.967519,-37.792915],[144.967632,-37.79285],[144.967738,-37.792778],[144.967814,-37.792719],[144.967885,-37.79266],[144.967975,-37.792574],[144.968037,-37.792508],[144.968114,-37.792415],[144.968165,-37.792342],[144.968187,-37.792324],[144.968229,-37.792297],[144.968277,-37.792277],[144.96828,-37.792276],[144.968323,-37.792267],[144.96839,-37.79226],[144.971349,-37.792579],[144.975603,-37.793035],[144.975716,-37.793047],[144.97574,-37.792913],[144.975976,-37.791655],[144.976247,-37.790234],[144.97642,-37.789301],[144.977204,-37.78515],[144.977657,-37.782645],[144.97811,-37.780208],[144.978119,-37.780162],[144.978136,-37.780073],[144.978024,-37.78006],[144.978024,-37.78006],[144.977961,-37.780052],[144.974821,-37.779672],[144.974603,-37.779645],[144.972765,-37.779423],[144.972217,-37.779356],[144.970722,-37.779175],[144.970661,-37.779167],[144.97066,-37.779167],[144.970659,-37.779167],[144.970658,-37.779167],[144.970549,-37.779153],[144.970525,-37.779288],[144.970145,-37.781726],[144.969735,-37.784334],[144.969532,-37.785531],[144.969517,-37.78562],[144.963587,-37.785004],[144.964007,-37.782378],[144.963917,-37.782341],[144.96383,-37.782303],[144.963746,-37.782261],[144.963665,-37.782216],[144.963586,-37.782169],[144.96351,-37.782118],[144.963437,-37.782065],[144.963367,-37.782009],[144.9633,-37.781951],[144.963237,-37.78189],[144.963177,-37.781828],[144.963121,-37.781763],[144.963069,-37.781696],[144.963021,-37.781627],[144.962977,-37.781556],[144.962936,-37.781485],[144.962901,-37.781411],[144.962869,-37.781337],[144.962842,-37.781261],[144.962819,-37.781184],[144.9628,-37.781107],[144.962786,-37.781029],[144.962777,-37.780951],[144.962772,-37.780872],[144.962771,-37.780794],[144.962773,-37.780754],[144.962826,-37.780169],[144.962834,-37.780091],[144.962837,-37.780014],[144.962835,-37.779936],[144.962829,-37.779858],[144.962819,-37.779789],[144.962808,-37.77971],[144.962792,-37.779631],[144.962772,-37.779553],[144.962747,-37.779475],[144.962718,-37.779398],[144.962685,-37.779323],[144.962648,-37.779249],[144.962606,-37.779176],[144.96256,-37.779105],[144.96251,-37.779035],[144.962457,-37.778968],[144.962399,-37.778902],[144.962338,-37.778838],[144.962273,-37.778777],[144.962205,-37.778718],[144.962134,-37.778662],[144.962072,-37.778617],[144.961629,-37.778306],[144.961557,-37.778255],[144.961473,-37.778196],[144.961362,-37.778182],[144.960318,-37.778056],[144.960316,-37.778056],[144.960206,-37.778043],[144.958885,-37.788955],[144.959143,-37.789679],[144.959212,-37.78988],[144.959286,-37.790053],[144.959324,-37.790133],[144.959396,-37.790267],[144.959482,-37.790409],[144.959576,-37.790546],[144.95968,-37.79068],[144.959792,-37.79081],[144.959927,-37.790962],[144.960036,-37.791071]]]},"properties":{"name":"Carlton North","canopy":12.235939790000002}},{"type":"Feature","geometry":{"type":"Polygon","coordinates":[[[144.974008,-37.80311],[144.974327,-37.801215],[144.974878,-37.797942],[144.975312,-37.79543],[144.9757,-37.793136],[144.975701,-37.793135],[144.975716,-37.793047],[144.975603,-37.793035],[144.971349,-37.792579],[144.96839,-37.79226],[144.968323,-37.792267],[144.96828,-37.792276],[144.968277,-37.792277],[144.968229,-37.792297],[144.968187,-37.792324],[144.968165,-37.792342],[144.968114,-37.792415],[144.968037,-37.792508],[144.967975,-37.792574],[144.967885,-37.79266],[144.967814,-37.792719],[144.967738,-37.792778],[144.967632,-37.79285],[144.967519,-37.792915],[144.967431,-37.79296],[144.967308,-37.793014],[144.967214,-37.793051],[144.967118,-37.793083],[144.966986,-37.79312],[144.966851,-37.793149],[144.966733,-37.793168],[144.966732,-37.793168],[144.966644,-37.79318],[144.966221,-37.793218],[144.966061,-37.793226],[144.9659,-37.793226],[144.965739,-37.793219],[144.96558,-37.793206],[144.965421,-37.793187],[144.965264,-37.79316],[144.965207,-37.793148],[144.964603,-37.796779],[144.964617,-37.79684],[144.963975,-37.800426],[144.961133,-37.800122],[144.95883,-37.799861],[144.958471,-37.801929],[144.959484,-37.804144],[144.96009,-37.805445],[144.959936,-37.806339],[144.970936,-37.807518],[144.971363,-37.807728],[144.973076,-37.807911],[144.973188,-37.807923],[144.973203,-37.807834],[144.974008,-37.80311]]]},"properties":{"name":"Carlton","canopy":11.473641169999999}},{"type":"Feature","geometry":{"type":"Polygon","coordinates":[[[144.959792,-37.79081],[144.95968,-37.79068],[144.959576,-37.790546],[144.959482,-37.790409],[144.959396,-37.790267],[144.959324,-37.790133],[144.959286,-37.790053],[144.959212,-37.78988],[144.959143,-37.789679],[144.958885,-37.788955],[144.960206,-37.778043],[144.960096,-37.778029],[144.960094,-37.778029],[144.949762,-37.776782],[144.949652,-37.776768],[144.949542,-37.776755],[144.949497,-37.77675],[144.9483,-37.776605],[144.945136,-37.776223],[144.943621,-37.77604],[144.939172,-37.775502],[144.939057,-37.775488],[144.938945,-37.775474],[144.938994,-37.774943],[144.939076,-37.774521],[144.939066,-37.77452],[144.939058,-37.774518],[144.939048,-37.774517],[144.939039,-37.774515],[144.939029,-37.774514],[144.93902,-37.774511],[144.939011,-37.77451],[144.939001,-37.774508],[144.938992,-37.774507],[144.938982,-37.774505],[144.938974,-37.774504],[144.938964,-37.774502],[144.938955,-37.774501],[144.938946,-37.774498],[144.938936,-37.774497],[144.938927,-37.774495],[144.938917,-37.774494],[144.938909,-37.774492],[144.938899,-37.77449],[144.93889,-37.774489],[144.938881,-37.774487],[144.938871,-37.774485],[144.938862,-37.774483],[144.938853,-37.774481],[144.938844,-37.774479],[144.938834,-37.774478],[144.938826,-37.774476],[144.938816,-37.774474],[144.938806,-37.774472],[144.938798,-37.77447],[144.938788,-37.774468],[144.938779,-37.774466],[144.93877,-37.774464],[144.93876,-37.774463],[144.938751,-37.77446],[144.938742,-37.774459],[144.938733,-37.774457],[144.938723,-37.774455],[144.938715,-37.774453],[144.938705,-37.77445],[144.938696,-37.774449],[144.938687,-37.774447],[144.938677,-37.774444],[144.938669,-37.774443],[144.938659,-37.774441],[144.938651,-37.774438],[144.938641,-37.774436],[144.938631,-37.774434],[144.938623,-37.774432],[144.938613,-37.77443],[144.938605,-37.774428],[144.938595,-37.774425],[144.938586,-37.774423],[144.938577,-37.774421],[144.938568,-37.774419],[144.938559,-37.774417],[144.93855,-37.774415],[144.938541,-37.774412],[144.938531,-37.77441],[144.938522,-37.774408],[144.938513,-37.774406],[144.938504,-37.774403],[144.938495,-37.774401],[144.938486,-37.774399],[144.938476,-37.774396],[144.938468,-37.774394],[144.938459,-37.774391],[144.93845,-37.774389],[144.938441,-37.774387],[144.938432,-37.774384],[144.938422,-37.774382],[144.936573,-37.773817],[144.936556,-37.773852],[144.936556,-37.773852],[144.936532,-37.7739],[144.936339,-37.774283],[144.936497,-37.775728],[144.936543,-37.775909],[144.936916,-37.777388],[144.93708,-37.777787],[144.9371,-37.777855],[144.937152,-37.777962],[144.938924,-37.781437],[144.939215,-37.782779],[144.939337,-37.783702],[144.940121,-37.785955],[144.940349,-37.786448],[144.940358,-37.786625],[144.940296,-37.786778],[144.940179,-37.786896],[144.940036,-37.786983],[144.940035,-37.786983],[144.939945,-37.787038],[144.940004,-37.787113],[144.940005,-37.787113],[144.940078,-37.787207],[144.9402,-37.787384],[144.940201,-37.787385],[144.940255,-37.787463],[144.940308,-37.787541],[144.940309,-37.787542],[144.940876,-37.788365],[144.942166,-37.789404],[144.943289,-37.790298],[144.943369,-37.790362],[144.954726,-37.799407],[144.955082,-37.799446],[144.957582,-37.799718],[144.95883,-37.799861],[144.961133,-37.800122],[144.963975,-37.800426],[144.964617,-37.79684],[144.964603,-37.796779],[144.965207,-37.793148],[144.965205,-37.793147],[144.965109,-37.793128],[144.964956,-37.793089],[144.964806,-37.793043],[144.964658,-37.792992],[144.964515,-37.792935],[144.964375,-37.792872],[144.96424,-37.792804],[144.964109,-37.79273],[144.963983,-37.792651],[144.96389,-37.792581],[144.963759,-37.792492],[144.963623,-37.792408],[144.963481,-37.792329],[144.963334,-37.792258],[144.963182,-37.792192],[144.963026,-37.792132],[144.962867,-37.792079],[144.962704,-37.792031],[144.962538,-37.791992],[144.96237,-37.791959],[144.962199,-37.791933],[144.962028,-37.791913],[144.961856,-37.791901],[144.961683,-37.791896],[144.961562,-37.791896],[144.961398,-37.791849],[144.961235,-37.791795],[144.961077,-37.791733],[144.960969,-37.791688],[144.960775,-37.791594],[144.960632,-37.791514],[144.960492,-37.791429],[144.960316,-37.791307],[144.960192,-37.791209],[144.960036,-37.791071],[144.959927,-37.790962],[144.959792,-37.79081]]]},"properties":{"name":"Parkville","canopy":16.58680035}}],"source":"https://plan-gis.mapshare.vic.gov.au/arcgis/rest/services/CoolingGreening/CoolingGreening/MapServer/54/query","observedYear":2018}